GENESIS-Tabelle: 12411-0018;;;;;;;;;;;;;;;;;;;;;;;;;;;;;;;;;;;;
Bevölkerung: Kreise, Stichtag, Geschlecht, Altersgruppen;;;;;;;;;;;;;;;;;;;;;;;;;;;;;;;;;;;;
Fortschreibung des Bevölkerungsstandes;;;;;;;;;;;;;;;;;;;;;;;;;;;;;;;;;;;;
Bevölkerungsstand (Anzahl);;;;;;;;;;;;;;;;;;;;;;;;;;;;;;;;;;;;
;;;männlich;männlich;männlich;männlich;männlich;männlich;männlich;männlich;männlich;männlich;männlich;männlich;männlich;männlich;männlich;männlich;männlich;weiblich;weiblich;weiblich;weiblich;weiblich;weiblich;weiblich;weiblich;weiblich;weiblich;weiblich;weiblich;weiblich;weiblich;weiblich;weiblich;weiblich
;;;unter 3 Jahre;3 bis unter 6 Jahre;6 bis unter 10 Jahre;10 bis unter 15 Jahre;15 bis unter 18 Jahre;18 bis unter 20 Jahre;20 bis unter 25 Jahre;25 bis unter 30 Jahre;30 bis unter 35 Jahre;35 bis unter 40 Jahre;40 bis unter 45 Jahre;45 bis unter 50 Jahre;50 bis unter 55 Jahre;55 bis unter 60 Jahre;60 bis unter 65 Jahre;65 bis unter 75 Jahre;75 Jahre und mehr;unter 3 Jahre;3 bis unter 6 Jahre;6 bis unter 10 Jahre;10 bis unter 15 Jahre;15 bis unter 18 Jahre;18 bis unter 20 Jahre;20 bis unter 25 Jahre;25 bis unter 30 Jahre;30 bis unter 35 Jahre;35 bis unter 40 Jahre;40 bis unter 45 Jahre;45 bis unter 50 Jahre;50 bis unter 55 Jahre;55 bis unter 60 Jahre;60 bis unter 65 Jahre;65 bis unter 75 Jahre;75 Jahre und mehr
31.12.2019;1001;Flensburg, kreisfreie Stadt;1405;1261;1583;1905;1168;1096;4089;4411;3373;2654;2512;2548;3350;3113;2518;4000;3918;1295;1189;1548;1786;1045;1041;4541;3670;2602;2376;2311;2584;3254;3081;2694;4596;5647
31.12.2019;1002;Kiel, kreisfreie Stadt;3526;3281;3984;4920;3057;2477;10381;12197;10425;7989;6852;7161;9117;8205;6680;10073;9873;3396;3186;3802;4662;2731;2589;11392;11872;9733;8191;6896;7104;8931;8616;7164;11551;14780
31.12.2019;1003;Lübeck, kreisfreie Stadt;2878;2956;3560;4598;2768;2138;6767;7689;7477;6571;5810;6627;8468;8106;6379;10288;10952;2802;2602;3449;4392;2668;2124;6842;7301;6879;6466;6245;6763;8879;8568;7223;12332;16963
31.12.2019;1004;Neumünster, kreisfreie Stadt;1142;1112;1451;1915;1186;982;2566;2700;2703;2407;2307;2464;3342;3071;2553;3842;3980;1003;1055;1363;1811;1082;911;2260;2398;2454;2250;2213;2479;3150;3156;2586;4398;5904
31.12.2019;1051;Dithmarschen, Landkreis;1623;1670;2288;3069;2062;1509;3850;3635;3601;3385;3423;4253;5725;5623;4763;7903;7336;1577;1648;2162;2927;2001;1375;3487;3170;3274;3402;3497;4178;5882;5802;5032;8226;9835
31.12.2019;1053;Herzogtum Lauenburg, Landkreis;2864;2974;3835;4899;3097;2216;5000;4821;5534;5926;5728;6427;8891;8494;6632;9569;10258;2715;2915;3545;4620;2952;1935;4185;4511;5446;6118;6156;6779;8891;8539;6856;10494;14197
31.12.2019;1054;Nordfriesland, Landkreis;2101;2182;2767;3715;2574;1843;4745;4968;4900;4452;4248;5111;7087;6838;5646;9269;8840;1952;2067;2558;3526;2522;1760;4058;4172;4324;4361;4523;5401;7468;7426;6225;10121;12201
31.12.2019;1055;Ostholstein, Landkreis;2191;2222;3214;4227;2834;1989;4730;4677;4786;4904;5021;6214;8731;8631;7312;12468;12538;2190;2228;3106;4053;2705;1879;3875;4233;4741;5329;5540;6684;9284;9289;7993;13678;17043
31.12.2019;1056;Pinneberg, Landkreis;4571;4639;5969;7670;4807;3342;8481;8512;9168;9534;9590;10624;14148;13068;10095;14842;16063;4355;4417;5715;7386;4467;3139;7453;7589;8730;9851;9921;10762;14288;13255;10392;16962;22298
31.12.2019;1057;Plön, Landkreis;1603;1687;2138;2992;2010;1399;3044;2755;3020;3215;3361;3983;5774;5630;4535;7450;7891;1527;1605;2218;2886;1796;1236;2526;2580;3132;3464;3489;4343;6050;5894;4814;8236;10403
31.12.2019;1058;Rendsburg-Eckernförde, Landkreis;3638;3830;5074;6731;4427;3175;7231;6653;7189;7356;7466;8885;12539;11776;9357;14954;14689;3479;3644;4755;6360;4135;2871;5827;6057;7070;7805;7799;9216;12875;12105;9734;16084;19312
31.12.2019;1059;Schleswig-Flensburg, Landkreis;2834;2871;3764;5024;3113;2233;5077;5203;5549;5319;5458;6315;8976;8602;6890;11393;10936;2583;2709;3536;4571;3098;2043;4379;4831;5369;5459;5601;6415;9084;8738;7082;11960;14141
31.12.2019;1060;Segeberg, Landkreis;3872;4003;5294;6773;4243;2972;7426;7419;8314;8709;8520;9209;12626;11641;8797;13469;13767;3702;3883;5024;6216;4009;2757;6131;6716;8071;8755;8626;9347;12598;11302;9371;15120;18493
31.12.2019;1061;Steinburg, Landkreis;1678;1751;2347;3044;2012;1425;3584;3550;3763;3538;3383;4360;6106;6015;4684;6813;6694;1686;1732;2154;2853;1938;1318;3000;3204;3575;3486;3609;4281;6261;5958;4670;7194;9347
31.12.2019;1062;Stormarn, Landkreis;3395;3561;4877;6106;3711;2614;6065;5366;6312;7110;7591;8062;11074;10318;7720;11936;13412;3123;3466;4590;5823;3510;2431;5050;5060;6354;7839;7789;8409;11422;10270;8169;13357;18264
31.12.2019;2000;Hamburg, kreisfreie Stadt;31320;29210;34263;41320;23871;17570;56611;72003;77659;70460;62432;60794;71220;63108;47548;70373;74212;29618;28127;32560;38216;22381;16570;55561;74036;78104;71349;62122;59949;69193;63423;50296;82222;109552
31.12.2019;3101;Braunschweig, kreisfreie Stadt;3478;3160;3994;4955;3061;2395;9105;11651;10435;8867;7262;7606;9566;8677;7248;10592;11578;3403;3179;3849;4655;2864;2271;8200;9770;9034;7910;7238;7506;9179;8821;7692;12598;17607
31.12.2019;3102;Salzgitter, kreisfreie Stadt;1777;1739;2082;2694;1584;1152;3239;3343;3236;3072;2921;3069;3945;4094;3360;5338;5186;1690;1571;1983;2380;1432;1104;2837;2873;2869;2883;2820;3105;3885;4021;3555;5853;7599
31.12.2019;3103;Wolfsburg, kreisfreie Stadt;2005;2028;2358;2747;1619;1172;3342;4460;4793;4503;3950;3747;4632;4690;3852;5579;6496;1932;1870;2124;2549;1561;1024;2940;3841;4268;4128;3629;3662;4587;4665;4054;6302;9262
31.12.2019;3151;Gifhorn, Landkreis;2823;2852;3437;4407;2811;1962;4850;4723;5455;5488;5155;5698;7822;8016;6418;8667;7711;2683;2738;3280;4219;2710;1827;3788;4234;5249;5449;5040;5795;7709;7823;6273;8961;10450
31.12.2019;3152;Göttingen, Landkreis (bis 31.10.2016);-;-;-;-;-;-;-;-;-;-;-;-;-;-;-;-;-;-;-;-;-;-;-;-;-;-;-;-;-;-;-;-;-;-
31.12.2019;3153;Goslar, Landkreis;1495;1550;1944;2717;1734;1538;4505;4263;3775;3430;3443;4181;5889;5722;4974;8082;8357;1409;1462;1867;2515;1668;1272;3255;3345;3336;3367;3401;4291;5656;5795;5105;8859;12090
31.12.2019;3154;Helmstedt, Landkreis;1318;1251;1550;2061;1262;934;2315;2432;2721;2821;2586;2971;3965;4038;3477;5003;4568;1245;1206;1507;1931;1165;803;1963;2173;2688;2660;2566;2816;3922;4041;3395;5246;6697
31.12.2019;3155;Northeim, Landkreis;1597;1736;2161;2850;1934;1369;3512;3477;3574;3452;3419;4143;5596;5926;5311;7847;7386;1585;1621;2094;2717;1700;1264;3060;3095;3294;3480;3450;4079;5813;6044;5045;7987;10667
31.12.2019;3156;Osterode am Harz, Landkreis (bis 31.10.2016);-;-;-;-;-;-;-;-;-;-;-;-;-;-;-;-;-;-;-;-;-;-;-;-;-;-;-;-;-;-;-;-;-;-
31.12.2019;3157;Peine, Landkreis;2024;2056;2595;3356;2138;1638;3663;3411;3917;3978;3894;4565;6201;5758;4645;6520;6394;1946;2017;2513;3120;2022;1384;3042;3237;3858;4010;3955;4655;5908;5736;4562;7084;8999
31.12.2019;3158;Wolfenbüttel, Landkreis;1558;1602;2001;2638;1815;1379;3388;3242;3285;3192;3204;3804;5569;5286;4378;6461;6410;1486;1531;1943;2465;1654;1152;2916;2738;3123;3226;3367;4077;5402;5235;4358;6984;8753
31.12.2019;3159;Göttingen, Landkreis;4236;4326;5414;7112;4448;3550;11886;11595;10612;9030;8285;9573;12541;12946;11214;16987;16268;4012;4080;5018;6620;4293;3491;11356;10930;9783;9250;8717;9881;12675;13340;11509;18099;22964
31.12.2019;3201;Hannover, kreisfreie Stadt (bis 31.10.2001);-;-;-;-;-;-;-;-;-;-;-;-;-;-;-;-;-;-;-;-;-;-;-;-;-;-;-;-;-;-;-;-;-;-
31.12.2019;3241;Region Hannover, Landkreis;17076;17121;21340;26560;16144;11954;36061;40219;39675;36887;34400;36352;46677;44213;35710;51839;54398;16233;16297;20122;25243;15217;11263;33673;37641;38113;37467;35162;36837;46125;44298;37438;59423;79937
31.12.2019;3251;Diepholz, Landkreis;3022;3098;4048;5191;3439;2439;5872;5809;6329;6027;5933;7230;9858;9624;7752;11383;10822;2895;2910;3680;4938;3108;2127;5162;5288;5916;6184;6131;7248;9920;9174;7646;12016;14870
31.12.2019;3252;Hameln-Pyrmont, Landkreis;1989;2002;2551;3327;2154;1508;3932;3899;3899;3957;3771;4529;6267;6394;5363;8077;8261;1908;1953;2476;3210;2078;1409;3404;3727;3853;3998;3974;4621;6369;6542;5636;8945;12566
31.12.2019;3253;Hannover, Landkreis (bis 31.10.2001);-;-;-;-;-;-;-;-;-;-;-;-;-;-;-;-;-;-;-;-;-;-;-;-;-;-;-;-;-;-;-;-;-;-
31.12.2019;3254;Hildesheim, Landkreis;3633;3710;4580;6129;4140;2943;8180;8488;7846;7572;7375;8648;11882;11584;9564;14221;14052;3489;3419;4424;5809;3861;2964;8518;7700;7444;7571;7610;8772;11713;11665;9779;15697;20835
31.12.2019;3255;Holzminden, Landkreis;877;889;1137;1509;1054;780;1957;1995;1953;1860;1757;2104;2960;3046;2638;4163;4232;815;855;1121;1402;989;682;1691;1629;1693;1784;1715;2132;3011;3028;2660;4411;5929
31.12.2019;3256;Nienburg (Weser), Landkreis;1653;1644;2181;2883;1957;1406;3589;3425;3489;3337;3323;3910;5330;5492;4506;6438;5736;1583;1731;2173;2884;1794;1263;3005;2969;3169;3247;3228;3882;5195;5316;4470;6641;8541
31.12.2019;3257;Schaumburg, Landkreis;2018;2103;2635;3485;2369;1716;4315;4092;4189;4356;4214;4985;7187;6927;5667;8466;8542;1934;2057;2515;3379;2218;1618;3702;3757;4051;4290;4211;5090;7104;6950;5731;9279;12668
31.12.2019;3351;Celle, Landkreis;2600;2659;3355;4375;2805;2035;4684;4933;5336;5170;4980;5538;7368;7307;6129;9602;9225;2425;2570;3245;4159;2702;1767;4120;4556;5128;5141;4909;5662;7319;7417;6325;10568;12897
31.12.2019;3352;Cuxhaven, Landkreis;2606;2712;3528;4760;2944;2041;4899;4960;5256;5220;5124;6278;8396;8299;6952;12088;10804;2511;2452;3318;4307;2950;1867;4382;4363;5127;5276;5260;6625;8804;8533;7673;12750;14973
31.12.2019;3353;Harburg, Landkreis;3736;3890;4925;6239;3858;2779;6910;6455;6945;7455;7382;8383;11577;10941;8403;12508;12987;3459;3554;4693;5890;3683;2454;5589;5425;6676;7868;7859;8782;12037;11031;8493;14125;17440
31.12.2019;3354;Lüchow-Dannenberg, Landkreis;559;610;801;1107;736;531;1097;1095;1222;1208;1262;1430;2011;2059;1874;3126;3055;558;566;719;984;736;437;883;964;1102;1228;1206;1470;2106;2199;2039;3301;4131
31.12.2019;3355;Lüneburg, Landkreis;2626;2746;3469;4461;2806;2067;5701;5551;5741;5467;5484;6070;7827;7399;5769;8645;7974;2487;2574;3351;4295;2690;2096;5750;5227;5400;5805;5727;6322;8150;7607;6006;9468;11381
31.12.2019;3356;Osterholz, Landkreis;1594;1700;2158;2678;1768;1237;2892;2647;2879;3237;3054;3713;5223;5040;4037;6217;5852;1533;1626;1920;2560;1598;1103;2439;2412;2956;3352;3343;3786;5353;5091;4107;6817;8006
31.12.2019;3357;Rotenburg (Wümme), Landkreis;2376;2292;2889;4036;2830;2062;4999;4839;5077;4610;4621;5461;7287;7161;5658;8524;7595;2188;2161;2756;3783;2513;1849;4070;4156;4526;4622;4491;5486;7197;6946;5731;8844;10146
31.12.2019;3358;Heidekreis;1982;2059;2673;3432;2265;1637;4226;4399;4406;3941;3864;4435;5880;5974;4875;7186;7017;1901;1830;2408;3175;2065;1464;3424;3555;3890;3912;3769;4495;6018;6041;4979;7576;9920
31.12.2019;3359;Stade, Landkreis;3173;3161;4100;5025;3207;2291;6023;5986;6311;6043;6150;6817;8683;8361;6646;10245;9609;2857;2930;3668;4743;3118;2175;5147;5246;6017;6147;5985;6659;8503;8391;6778;11309;13008
31.12.2019;3360;Uelzen, Landkreis;1123;1128;1486;2055;1369;961;2491;2364;2510;2326;2407;2941;3991;4067;3401;5181;5336;1048;1100;1432;1948;1319;889;2221;2211;2290;2293;2515;3117;4043;4106;3564;5590;7566
31.12.2019;3361;Verden, Landkreis;2048;2183;2646;3279;2097;1508;3822;3748;3870;3877;3739;4364;5880;5582;4628;7344;6684;2013;2045;2587;3231;1991;1454;3239;3370;3808;4073;3803;4577;5924;5876;4895;7847;9101
31.12.2019;3401;Delmenhorst, kreisfreie Stadt;1288;1236;1438;1902;1295;862;2256;2464;2530;2232;2166;2463;3117;3058;2424;3823;3759;1267;1219;1366;1673;1072;779;2100;2267;2362;2203;2241;2529;3058;3012;2583;4433;5082
31.12.2019;3402;Emden, kreisfreie Stadt;726;771;916;1168;705;576;1808;1914;1643;1480;1383;1601;2028;1887;1538;2554;2186;669;677;871;1043;725;575;1644;1593;1506;1436;1348;1535;1963;1880;1560;2800;3204
31.12.2019;3403;Oldenburg (Oldenburg), kreisfreie Stadt;2291;2295;2769;3587;2224;1897;6209;7397;6472;5207;4669;4914;6416;5818;4897;7212;6745;2318;2159;2736;3468;2155;1855;6946;7317;6463;5395;4919;5286;6763;6553;5350;8391;9984
31.12.2019;3404;Osnabrück, kreisfreie Stadt;2345;2087;2726;3448;2089;1783;7481;7954;6468;5148;4529;4932;5932;5462;4553;6457;6487;2273;2111;2578;3212;1964;1972;8652;7811;5765;5154;4513;5128;5861;5611;4933;7538;10294
31.12.2019;3405;Wilhelmshaven, kreisfreie Stadt;1017;966;1177;1545;920;786;2728;3191;2494;1844;1825;2029;2930;2947;2413;4151;4481;998;957;1151;1419;923;729;2546;2356;2115;1845;1751;2026;2955;3092;2615;4763;6404
31.12.2019;3451;Ammerland, Landkreis;1716;1915;2294;3046;2009;1474;3352;3122;3427;3462;3369;4054;5367;5083;4059;6741;6416;1768;1690;2251;2861;1970;1312;2814;3170;3501;3583;3619;4235;5487;5337;4357;7364;8634
31.12.2019;3452;Aurich, Landkreis;2590;2595;3379;4577;3074;2159;5490;5326;5305;5017;5078;6234;8165;7777;6643;11270;8637;2454;2364;3243;4093;2835;2123;4875;4700;5034;4998;5095;6609;8292;8206;7271;11896;12290
31.12.2019;3453;Cloppenburg, Landkreis;3047;2912;3646;4887;3249;2318;6079;6014;5863;5577;5069;5773;7110;6773;5412;7048;5659;2837;2816;3464;4564;3028;2093;5153;5288;5248;5106;4902;5496;6654;6564;5372;7123;8538
31.12.2019;3454;Emsland, Landkreis;5094;4989;6276;8471;5458;4079;10527;10966;11215;10441;10240;11449;14153;13182;11089;15805;12898;4861;4792;5981;7902;5299;3506;8643;9216;9783;9499;9266;10765;13147;12676;11045;16146;18095
31.12.2019;3455;Friesland, Landkreis;1268;1385;1738;2193;1483;1099;2544;2456;2595;2440;2388;2960;4310;4165;3358;5905;5892;1206;1268;1595;2031;1415;966;2211;2358;2552;2508;2589;3156;4464;4455;3568;6466;7717
31.12.2019;3456;Grafschaft Bentheim, Landkreis;2104;2036;2716;3560;2285;1644;4109;4117;4156;4022;4013;4535;5958;5780;4628;6938;6057;1995;1984;2550;3355;2147;1436;3518;3744;3922;3956;3737;4594;5919;5516;4611;7191;8329
31.12.2019;3457;Leer, Landkreis;2580;2469;3156;4116;2753;2001;5112;5106;5487;5158;4826;5772;7317;7008;5636;9177;7537;2377;2336;3003;4011;2629;1852;4481;4704;4849;4711;4544;5749;7210;7023;5997;9549;10520
31.12.2019;3458;Oldenburg, Landkreis;1902;1850;2410;3279;2179;1622;3722;3374;3577;3574;3670;4376;6185;5774;4587;6589;6203;1763;1791;2322;3010;1945;1448;3100;3137;3522;3639;3824;4652;6082;5825;4537;7030;8390
31.12.2019;3459;Osnabrück, Landkreis;5551;5553;6963;9051;5796;4246;10638;10361;10861;10357;10234;11684;15203;15295;12560;17449;15935;5259;5089;6523;8456;5690;3872;8913;9077;10259;10191;10287;12007;15103;15216;12599;18150;23652
31.12.2019;3460;Vechta, Landkreis;2413;2435;3058;3970;2615;1952;5129;4973;5005;4726;4299;4738;5947;5744;4451;5872;4768;2417;2287;2871;3692;2436;1700;4677;4591;4681;4211;4326;4624;5552;5479;4342;5929;6904
31.12.2019;3461;Wesermarsch, Landkreis;1186;1194;1526;2053;1370;1012;2611;2537;2483;2278;2343;2871;4002;3996;3298;5052;4603;1120;1075;1359;1947;1333;908;2186;2214;2268;2214;2322;2850;3875;3937;3196;5107;6257
31.12.2019;3462;Wittmund, Landkreis;700;796;1019;1343;853;690;1503;1572;1469;1436;1439;1872;2351;2369;2014;3549;2925;663;684;921;1293;863;614;1403;1333;1486;1490;1487;1914;2416;2468;2329;3709;3953
31.12.2019;4011;Bremen, kreisfreie Stadt;8986;8327;9788;12587;7552;6173;19998;21665;21349;18904;16916;17565;22144;20537;16684;25560;25646;8261;7807;9219;11637;6988;5555;17873;20079;20211;18329;16468;17179;21314;20593;17896;29489;38280
31.12.2019;4012;Bremerhaven, kreisfreie Stadt;1789;1859;2177;2799;1590;1275;3690;4016;3929;3670;3376;3543;4296;4212;3664;5604;5131;1701;1646;2071;2589;1597;1177;3449;3327;3359;3096;3045;3308;3989;4429;3997;6571;7672
31.12.2019;5111;Düsseldorf, kreisfreie Stadt;9886;9317;11291;13473;7602;5212;16246;23052;26095;23050;20248;20838;24796;22129;16919;24674;25679;9164;8942;10658;12767;7109;5099;17558;25798;27028;23440;20161;20337;23618;21936;18346;29918;39491
31.12.2019;5112;Duisburg, kreisfreie Stadt;8052;7791;9361;11836;7357;5401;16127;18115;17216;15713;14840;16066;19921;19411;16168;21858;21627;7440;7224;8849;11075;6896;4946;14276;16556;16237;14987;14653;15968;19035;18882;16353;25397;33052
31.12.2019;5113;Essen, kreisfreie Stadt;8922;8826;10255;13038;7794;5588;17198;20939;20878;18967;16648;17883;22527;21579;18412;27063;26352;8589;8146;9828;12270;7296;5293;16728;20903;20485;18528;16889;17868;22101;21937;19811;31547;41672
31.12.2019;5114;Krefeld, kreisfreie Stadt;3381;3260;4157;5407;3336;2470;6659;7550;7272;6635;6293;7132;9515;9197;7522;10520;10709;3161;3146;3849;4935;3081;2256;6009;7025;6720;6794;6629;7364;9631;9116;7967;12563;16156
31.12.2019;5116;Mönchengladbach, kreisfreie Stadt;4001;3832;4714;6089;3837;2786;7559;8977;9132;8010;7259;8090;10741;10579;8862;12602;11397;3672;3690;4458;5629;3635;2625;7402;8278;8411;7812;7554;8097;10344;10741;9271;14040;16908
31.12.2019;5117;Mülheim an der Ruhr, kreisfreie Stadt;2525;2515;3160;3746;2379;1641;4640;5285;5176;4879;4536;5155;7005;6870;5636;8337;8757;2392;2292;2975;3614;2184;1485;4037;4821;5106;5067;4874;5481;7228;6986;6170;10066;13612
31.12.2019;5119;Oberhausen, kreisfreie Stadt;3095;3068;3819;4556;2878;2060;5958;6978;6885;6572;6261;6751;8614;8616;7355;10695;9408;2932;2864;3546;4498;2764;1893;5379;6291;6548;6573;6133;6360;8492;8614;7881;11976;14451
31.12.2019;5120;Remscheid, kreisfreie Stadt;1619;1650;2061;2611;1647;1165;3094;3358;3354;3346;3272;3625;4857;4781;3771;5294;5383;1599;1606;1940;2551;1595;1058;2855;3150;3211;3136;3183;3563;4606;4513;3855;5934;8095
31.12.2019;5122;Solingen, kreisfreie Stadt;2366;2394;2977;3818;2452;1656;4504;4800;4832;4666;4441;4885;6794;6670;5361;7086;7604;2228;2237;2724;3666;2229;1617;4173;4659;4978;4982;4654;5162;6938;6735;5523;8004;11430
31.12.2019;5124;Wuppertal, kreisfreie Stadt;5494;5435;6828;8461;5222;3877;11100;12483;12341;11327;10056;10820;14236;13914;11141;15580;15818;5237;5210;6337;8107;4950;3609;10754;11757;11441;10818;9916;10972;13945;13794;11656;18299;24165
31.12.2019;5154;Kleve, Landkreis;4508;4360;5725;7381;4749;3456;9699;10050;9941;9482;8786;9915;13670;13531;11116;15914;13179;4115;4229;5313;6966;4529;3085;8360;9027;9239;8906;8686;10185;13757;13273;11113;17078;19142
31.12.2019;5158;Mettmann, Landkreis;6958;7193;8905;11377;7179;4895;12397;12287;13208;13775;13057;15186;20798;20569;16454;23645;26745;6543;6865;8508;11024;6668;4504;10884;11804;13614;14586;14087;15844;21464;21096;17478;27986;37987
31.12.2019;5162;Rhein-Kreis Neuss;6776;6967;8724;11011;6850;4664;11628;11784;12689;13485;13479;14679;19392;18630;15351;21592;21844;6390;6534;8254;10363;6292;4184;10274;11222;13000;14410;14359;15304;20030;19061;16160;25273;31075
31.12.2019;5166;Viersen, Landkreis;4064;4124;5228;6782;4495;3076;7938;8132;8340;8562;7962;9353;13731;13687;10866;15156;14330;3803;3931;4919;6621;4320;2992;7048;7681;8092;8629;8534;9881;14110;13751;11159;16917;20649
31.12.2019;5170;Wesel, Landkreis;6304;6262;7945;10346;6644;4621;11715;12733;13452;12869;12218;14061;19471;20116;17456;24914;22829;5842;6109;7545;9604;6271;4206;10081;11966;13246;13198;12807;14704;20438;20859;18104;27992;33048
31.12.2019;5313;Aachen, kreisfreie Stadt (bis 20.10.2009);-;-;-;-;-;-;-;-;-;-;-;-;-;-;-;-;-;-;-;-;-;-;-;-;-;-;-;-;-;-;-;-;-;-
31.12.2019;5314;Bonn, kreisfreie Stadt;5112;5081;6456;8143;4738;3615;12183;13146;12173;10933;9423;9783;11947;11086;8918;12219;12577;4687;4816;6152;7462;4449;3883;13394;13744;12582;11615;10337;10294;12393;11800;9734;14948;19850
31.12.2019;5315;Köln, kreisfreie Stadt;17113;16058;19437;23843;13740;10208;34211;45077;45624;40446;36304;36732;42902;37598;28771;40576;41833;16140;15470;18390;22289;12856;9911;37913;48532;46812;41219;36792;35977;40990;36965;30122;48778;58234
31.12.2019;5316;Leverkusen, kreisfreie Stadt;2482;2460;3180;3969;2571;1693;4519;4975;5075;4922;4761;5257;6979;6753;5164;6927;8089;2384;2328;2946;3660;2307;1522;4078;4821;4991;5115;5003;5372;6924;6605;5446;8459;11992
31.12.2019;5334;Städteregion Aachen, Landkreis;7642;7555;9418;12024;7722;7541;27450;25565;19586;16469;14397;16042;21389;21190;17776;25447;24254;7460;7138;8714;11308;7260;6060;19584;19454;16987;15785;14751;16496;21407;20832;18179;28880;35264
31.12.2019;5354;Aachen, Landkreis (bis 20.10.2009);-;-;-;-;-;-;-;-;-;-;-;-;-;-;-;-;-;-;-;-;-;-;-;-;-;-;-;-;-;-;-;-;-;-
31.12.2019;5358;Düren, Landkreis;4014;3889;4853;6414;3944;2977;8176;8373;8273;7808;7303;8298;11093;11117;9503;13631;11699;3674;3642;4581;5787;3721;2619;6784;7354;7750;7636;7374;8378;11210;11247;9932;14919;16665
31.12.2019;5362;Rhein-Erft-Kreis;7173;7501;8989;11349;7029;4976;13187;13146;13827;14144;13966;15114;20151;19244;15633;22734;21892;6864;6802;8562;10683;6615;4669;11665;12335;13802;14850;14695;15772;20482;19700;16247;26528;30289
31.12.2019;5366;Euskirchen, Landkreis;2705;2740;3551;4520;2996;2126;5253;5385;5621;5559;5361;6024;8404;8719;7244;10444;8885;2767;2672;3278;4396;2808;1924;4680;4911;5447;5578;5522;6204;8608;8859;7318;10899;12248
31.12.2019;5370;Heinsberg, Landkreis;3725;3703;4632;6137;4061;2988;7202;7468;7706;7494;7224;7997;11040;11398;9434;13216;11081;3496;3500;4484;5673;3701;2565;6187;6721;7447;7597;7418;8499;11046;11401;9539;13736;16039
31.12.2019;5374;Oberbergischer Kreis;4105;4108;5235;6531;4369;3096;8089;8050;7943;7948;7516;8115;11483;11699;9841;13071;12643;3974;3902;4930;6410;4151;2897;6772;6967;7533;8033;7677;8523;11907;11752;10031;14249;18507
31.12.2019;5378;Rheinisch-Bergischer Kreis;3892;4076;5377;6818;4494;3030;7315;6849;7218;7745;7697;8955;12457;12445;10054;13588;15346;3656;3913;4889;6393;4139;2728;6202;6529;7626;8367;8241;9528;13317;12727;10302;15881;21477
31.12.2019;5382;Rhein-Sieg-Kreis;8796;9305;11942;15158;9640;6819;16870;16694;17047;17683;16600;18513;25911;25233;20415;28980;28794;8215;8511;10958;14097;8902;6082;14778;15425;16705;18338;18062;19812;26360;26150;21700;32876;39393
31.12.2019;5512;Bottrop, kreisfreie Stadt;1637;1658;2037;2554;1667;1224;3290;3425;3646;3457;3421;3751;4909;4849;4385;6085;5193;1539;1518;1827;2463;1612;1127;2854;3247;3549;3516;3331;3770;5044;5048;4624;7012;8296
31.12.2019;5513;Gelsenkirchen, kreisfreie Stadt;4230;4112;5081;6608;4102;2914;7996;8909;8678;7871;7718;8513;10360;10051;8817;12335;10737;4122;3879;4721;5959;3635;2643;7112;7881;7920;7644;7442;8263;9721;9923;8957;13886;16905
31.12.2019;5515;Münster, kreisfreie Stadt;4498;4379;5213;6506;3804;3435;13764;14987;13003;10702;8825;8914;10946;10388;8599;11771;11496;4327;3993;4997;5868;3616;3982;17796;15924;12494;10422;8864;9018;11261;11046;9180;13253;18022
31.12.2019;5554;Borken, Landkreis;5977;5684;7266;9668;6317;4501;11627;11959;11540;11026;10635;12138;16687;16106;12452;17128;14854;5587;5491;7095;9091;6031;3885;9738;10802;10889;10882;10540;12025;16043;15603;12557;17982;21533
31.12.2019;5558;Coesfeld, Landkreis;3326;3311;4139;5388;3570;2643;6453;6129;6254;6323;6183;7007;9764;9590;8066;11304;9386;3147;3271;3785;5050;3367;2332;5339;5385;5985;6392;6243;7223;9970;9884;8493;11904;13980
31.12.2019;5562;Recklinghausen, Landkreis;8756;8747;10931;13935;9062;6479;16787;17220;17585;17409;17332;19561;25825;25724;22665;32550;28685;8326;8235;10196;13035;8441;5949;14814;16106;17264;17667;17573;20232;26094;26226;24208;36791;43727
31.12.2019;5566;Steinfurt, Landkreis;6994;6968;8788;11453;7430;5561;14032;13524;13393;13359;12762;14557;19780;19050;15280;21024;18923;6673;6409;8220;10751;7118;5021;11843;11821;12563;12858;12641;14943;19831;19151;15390;22263;27846
31.12.2019;5570;Warendorf, Landkreis;4055;4163;5358;6985;4696;3329;8116;7800;8130;8121;7820;9100;12146;11610;9690;13576;12513;3837;3968;4957;6652;4500;3090;6852;6856;7643;7938;8151;9244;11853;11774;9983;14872;18462
31.12.2019;5711;Bielefeld, kreisfreie Stadt;5200;4943;6307;8039;5051;3763;11133;12244;11787;10478;9499;10382;12547;11873;9627;13650;14570;4984;4748;6032;7625;4641;3731;12195;12470;11886;10791;9889;10617;12279;12191;10532;16135;22356
31.12.2019;5754;Gütersloh, Landkreis;5669;5603;7014;9338;6086;4469;11253;11489;11787;11290;10760;12263;15945;15180;12188;16103;15778;5340;5337;6802;8628;5689;3913;9570;9845;10551;10941;10851;12375;15495;14986;12127;17493;22780
31.12.2019;5758;Herford, Landkreis;3643;3653;4702;6138;3878;2824;7076;7015;7396;7263;7172;7992;10617;10575;8849;12084;12156;3382;3493;4394;5761;3729;2509;6160;6492;6996;7387;7229;8245;10525;10705;8930;13318;18290
31.12.2019;5762;Höxter, Landkreis;1925;1898;2509;3466;2311;1621;4154;3962;4042;3874;3806;4254;6095;6200;5411;7503;6833;1727;1846;2357;3298;2177;1453;3244;3395;3630;3686;3738;4484;5994;6133;5310;7837;10078
31.12.2019;5766;Lippe, Landkreis;5267;5345;6957;8865;5715;3928;10090;10134;10247;9738;9095;10410;14028;14154;12287;17010;17258;4990;4985;6483;8536;5183;3730;8918;8955;9591;9617;9480;10705;14337;14474;12541;19068;25393
31.12.2019;5770;Minden-Lübbecke, Landkreis;4635;4758;5880;7859;5034;3516;9114;9260;9363;8811;8314;9752;12766;13052;11022;15140;14968;4236;4393;5654;7358;4620;3299;7832;8083;8511;8580;8433;9959;12870;13270;11453;16448;22166
31.12.2019;5774;Paderborn, Landkreis;4759;4830;5903;7578;4888;3807;11335;11961;11177;10091;8993;9423;12083;11944;10347;13470;11543;4476;4528;5677;7129;4461;3520;10132;10125;10122;9307;8955;9699;11689;11877;10472;14441;17097
31.12.2019;5911;Bochum, kreisfreie Stadt;5048;4772;5961;7476;4620;3709;12537;14498;13488;11776;9887;10762;13980;13593;12040;17529;16455;4742;4635;5492;6787;4314;3608;12177;13333;12583;11381;9955;10740;13948;13887;12825;20552;26497
31.12.2019;5913;Dortmund, kreisfreie Stadt;8988;8652;10307;13040;8319;6245;19993;22866;21197;19213;17079;18581;23182;21675;18190;26434;25378;8542;8373;10155;12560;7650;5605;18191;20654;19934;18768;17499;18472;22485;21859;19010;30652;38502
31.12.2019;5914;Hagen, kreisfreie Stadt;3029;2878;3580;4537;2936;2120;5491;5971;5961;5667;5221;5711;7543;7570;6249;8874;8876;2802;2714;3382;4317;2791;1929;5103;5546;5505;5286;5282;5897;7588;7566;6486;10333;13945
31.12.2019;5915;Hamm, kreisfreie Stadt;2604;2652;3419;4596;2833;2193;5903;5882;5721;5499;5609;5845;6978;6835;5719;8398;7868;2570;2581;3295;4187;2719;1974;5289;5237;5346;5447;5446;5873;6938;6758;6222;9778;11702
31.12.2019;5916;Herne, kreisfreie Stadt;2261;2211;2795;3521;2278;1819;4805;5157;5041;4715;4611;5393;6360;6349;5090;7494;6895;2215;2103;2628;3284;2166;1693;4384;4793;4550;4555;4459;5186;6099;6138;5526;8823;11052
31.12.2019;5954;Ennepe-Ruhr-Kreis;4494;4475;5481;6905;4447;3207;8740;9396;9433;9373;8574;9866;14034;13922;11700;16902;16446;4288;4218;5221;6528;4153;2909;7907;8870;9166;9240;8938;10278;14525;14194;12226;19384;24666
31.12.2019;5958;Hochsauerlandkreis;3523;3432;4513;6255;4207;2979;7657;8110;7849;7342;6929;8642;11511;11463;9670;13331;12306;3293;3432;4246;5803;3946;2572;6096;6695;7111;7128;7143;8408;11088;11146;9632;13885;18434
31.12.2019;5962;Märkischer Kreis;5880;5943;7510;9875;6364;4564;11583;12230;12276;11614;11084;12650;17986;18028;14640;19968;19780;5512;5545;6950;9323;5961;4109;9937;11030;11437;11571;11552;13259;17902;17805;14880;22473;29001
31.12.2019;5966;Olpe, Landkreis;1933;1998;2514;3330;2154;1599;4014;4116;3971;4036;3850;4394;6149;5890;4868;6575;5755;1830;1811;2286;2975;2019;1384;3248;3682;3901;3917;3874;4380;5803;5779;4763;6678;8479
31.12.2019;5970;Siegen-Wittgenstein, Landkreis;4113;3978;5051;6287;4049;2939;9161;9698;9024;8210;7653;8424;11312;11397;9623;13812;12860;3950;3718;4645;5809;3728;2802;8666;8445;8277;8015;7495;8274;10868;11185;9824;15191;18461
31.12.2019;5974;Soest, Landkreis;4344;4342;5662;7459;4802;3468;9029;9056;9189;8942;8662;9807;12967;12897;10743;14762;13751;4095;4151;5116;6878;4604;3024;7180;7829;8359;8818;8555;9906;12948;12847;10982;16280;20331
31.12.2019;5978;Unna, Landkreis;5524;5574;6961;9209;5870;4276;10917;11159;11327;11348;11333;12401;16474;16692;14238;20389;18659;5373;5248;6581;8608;5525;3757;9733;10028;11037;11218;11510;12900;16991;17047;15280;23234;28470
31.12.2019;6411;Darmstadt, kreisfreie Stadt;2493;2233;2848;3520;1985;1868;8647;9146;7386;5402;4498;4688;5583;5107;4204;5887;5944;2371;2232;2777;3265;1874;1571;6379;7236;5974;5128;4584;4482;5250;5176;4355;7110;8675
31.12.2019;6412;Frankfurt am Main, kreisfreie Stadt;13274;11990;14342;16881;9557;6663;22181;31828;35785;32196;28402;27478;30161;25328;18871;27457;24408;12600;11592;13970;16223;8959;6324;23010;33930;36420;32498;27902;25685;27104;23891;19312;31469;35689
31.12.2019;6413;Offenbach am Main, kreisfreie Stadt;2412;2140;2679;3241;1973;1273;4154;5156;5459;4909;4451;4424;4949;4594;3511;4868;4410;2284;2124;2537;3117;1785;1221;4044;5236;5481;4866;4412;4116;4612;4260;3555;5629;6398
31.12.2019;6414;Wiesbaden, kreisfreie Stadt;4663;4559;5315;6900;4091;2894;8379;8776;8934;8666;8426;8886;10882;9974;7897;11560;12302;4451;4280;5144;6491;3810;2698;8671;9317;9599;9888;9402;9555;11068;10346;8611;14108;17931
31.12.2019;6431;Bergstraße, Landkreis;3888;3765;4866;6074;4009;2718;7554;7594;8202;8118;7730;8524;11688;11936;9791;14120;13031;3757;3720;4639;5662;3612;2563;6173;6887;7643;7969;7825;8911;11909;11953;9892;15609;18008
31.12.2019;6432;Darmstadt-Dieburg, Landkreis;4356;4596;5769;7006;4399;3302;8800;8805;8985;9074;9106;9687;13096;12609;10022;14874;13560;4235;4376;5414;6726;4251;2917;7276;7707;8506;9293;9189;9883;13052;12527;10349;16254;17843
31.12.2019;6433;Groß-Gerau, Landkreis;4549;4596;5449;6658;4140;3051;8501;8974;9499;9485;9036;9497;11647;10868;8264;12094;11775;4278;4210;5244;6454;3754;2704;7373;8177;9047;9179;9049;8875;11039;10352;8451;13630;15827
31.12.2019;6434;Hochtaunuskreis;3323;3594;4952;6339;3888;2527;6012;5663;5956;6563;7222;8214;10506;9541;7257;11034;12552;3069;3383;4705;5949;3596;2161;5067;5264;5922;7273;7908;8855;10617;9933;7848;12745;17476
31.12.2019;6435;Main-Kinzig-Kreis;6208;6303;7783;9959;6143;4524;12008;12377;12900;12890;12712;13914;17689;17250;14173;20943;19657;5827;5796;7280;9468;5925;4106;10300;11374;12574;12880;12873;14310;17817;17221;14612;23816;26940
31.12.2019;6436;Main-Taunus-Kreis;3539;3707;5006;6305;3787;2445;6176;6026;6917;7575;7674;8352;10554;9436;6993;10523;11805;3412;3624;4579;5938;3483;2169;5211;5885;6847;8208;8007;8579;10527;9483;7521;12362;15903
31.12.2019;6437;Odenwaldkreis;1340;1311;1620;2112;1419;1059;2623;2763;2819;2660;2641;3105;4019;4186;3689;5600;4889;1155;1212;1600;2115;1322;966;2213;2478;2600;2643;2729;3181;4035;4202;3732;5866;6799
31.12.2019;6438;Offenbach, Landkreis;5567;5618;6895;8816;5387;3751;9962;10236;11195;11390;11110;12052;14753;13968;11241;16675;16763;5292;5257;6468;8169;4836;3365;8679;9804;10877;11754;11541;11843;14701;14015;11578;19271;22984
31.12.2019;6439;Rheingau-Taunus-Kreis;2494;2642;3321;4471;2922;1896;5244;4871;4986;5316;5243;6138;8515;7974;6486;9791;9715;2360;2447;3141;4209;2638;1853;4377;4383;4755;5570;5680;6402;8535;8133;6798;10973;12881
31.12.2019;6440;Wetteraukreis;4385;4480;5772;7511;4539;3479;8792;8949;9350;9325;9444;10367;13466;12833;10339;15347;14091;4184;4283;5519;7044;4314;2918;7511;8017;8875;9697;9745;10423;13527;12874;10602;16492;19845
31.12.2019;6531;Gießen, Landkreis;4030;3829;4582;5840;3657;3022;11186;11250;10051;8550;7323;7704;9822;10181;8466;12497;11195;3711;3661;4402;5526;3443;3073;12287;10656;8973;7899;7377;7930;9982;10457;8929;13646;15551
31.12.2019;6532;Lahn-Dill-Kreis;3604;3612;4603;6133;3766;2693;7322;7506;7757;7458;7204;7901;10673;10755;8945;12934;12037;3375;3457;4337;5574;3563;2460;6336;6858;7313;7326;7349;8264;10635;10775;9100;14267;17427
31.12.2019;6533;Limburg-Weilburg, Landkreis;2342;2360;3028;4183;2730;1906;5049;5094;5259;5162;4916;5532;7319;7538;6172;9010;7819;2289;2204;2988;3826;2595;1812;4154;4519;4875;4963;4934;5525;7440;7420;6247;9605;11097
31.12.2019;6534;Marburg-Biedenkopf, Landkreis;3306;3385;4334;5613;3580;2921;9832;9559;8472;7406;6986;7404;9395;9660;7937;11510;10319;3120;3233;4133;5385;3337;3131;10641;8916;7696;7233;6789;7616;9237;9665;8139;12381;14813
31.12.2019;6535;Vogelsbergkreis;1290;1293;1784;2281;1502;1088;2876;2882;2967;2977;2890;3391;4397;4868;4513;6344;5518;1254;1269;1653;2195;1421;944;2269;2374;2670;2820;2903;3395;4313;4827;4360;6385;7730
31.12.2019;6611;Kassel, kreisfreie Stadt;3156;2867;3624;4401;2623;2107;8073;9374;8684;6798;5441;5684;7007;6969;5821;8541;8149;2974;2835;3198;4061;2470;2114;8092;8441;7028;6061;5592;6085;7326;7349;6229;10140;12823
31.12.2019;6631;Fulda, Landkreis;3263;3248;4115;5224;3493;2532;7070;7513;7195;6734;6240;7133;9234;9061;7588;10604;10535;3033;3126;3944;5004;3267;2442;6403;6676;6519;6444;6215;7320;8979;8972;7600;11469;14950
31.12.2019;6632;Hersfeld-Rotenburg, Landkreis;1648;1715;2167;2845;1701;1256;3399;3534;3612;3470;3329;3957;4996;5195;4454;6796;6438;1518;1630;1956;2645;1706;1119;2688;2931;3290;3209;3173;3908;4828;5099;4436;7237;8834
31.12.2019;6633;Kassel, Landkreis;3147;3276;4222;5172;3290;2497;6059;6047;6512;6603;6288;7609;10216;10082;8611;13446;13076;3054;2981;3828;5046;3177;2208;5091;5565;6313;6641;6623;7737;10387;10253;8882;14836;17989
31.12.2019;6634;Schwalm-Eder-Kreis;2272;2377;3176;4044;2625;1919;4945;5140;5326;5328;5119;5896;7796;8128;6769;10180;8901;2159;2288;3030;3787;2422;1669;3987;4322;4807;4988;5001;5856;7577;7783;6846;10457;12753
31.12.2019;6635;Waldeck-Frankenberg, Landkreis;2109;2164;2727;3710;2388;1724;4400;4542;4613;4446;4144;4853;6727;7074;5845;8549;7886;1975;2032;2648;3436;2242;1515;3552;3852;3913;4139;4409;5134;6565;6924;5936;8895;11338
31.12.2019;6636;Werra-Meißner-Kreis;1319;1283;1636;2056;1444;1007;3034;2869;2789;2663;2578;3106;4129;4451;3886;5981;5625;1161;1156;1576;2022;1326;892;2358;2460;2561;2599;2589;3179;4185;4411;3911;6363;8024
31.12.2019;7111;Koblenz, kreisfreie Stadt;1643;1486;1888;2248;1405;1129;4240;5160;4714;3845;3152;3137;3944;3979;3300;5106;5378;1499;1474;1758;2123;1235;1140;4580;4701;4160;3473;3070;3120;4026;4003;3586;6073;8277
31.12.2019;7131;Ahrweiler, Landkreis;1854;1750;2197;2739;1781;1371;3653;3647;3690;3595;3352;3721;5494;5838;4887;7230;7234;1674;1680;2149;2592;1657;1243;3063;3398;3432;3505;3500;4011;5689;5731;4892;7714;10123
31.12.2019;7132;Altenkirchen (Westerwald), Landkreis;1865;1851;2367;3012;1851;1392;3676;3872;3786;3710;3540;4060;5510;5714;4817;6792;6067;1736;1699;2241;2871;1772;1247;3122;3457;3561;3656;3498;4109;5386;5641;4735;7333;8859
31.12.2019;7133;Bad Kreuznach, Landkreis;2208;2163;2895;3658;2257;1697;4088;4377;4619;4443;4208;4822;6642;6884;5698;8864;7864;2163;2154;2692;3385;2195;1512;3676;4109;4464;4521;4494;5076;6668;7033;6112;9668;11036
31.12.2019;7134;Birkenfeld, Landkreis;1186;1076;1321;1766;1154;943;2211;2395;2474;2292;2122;2369;3168;3590;3211;4639;4194;1086;1078;1275;1667;1047;825;1898;2104;2124;2154;2054;2450;3279;3564;3314;4965;5956
31.12.2019;7135;Cochem-Zell, Landkreis;780;746;1001;1361;861;733;1601;1753;1799;1681;1568;1899;2724;2915;2442;3641;3255;729;732;879;1241;877;567;1346;1436;1594;1556;1576;1972;2660;2797;2376;3600;4677
31.12.2019;7137;Mayen-Koblenz, Landkreis;3092;3115;3815;4794;3121;2267;5870;6379;6636;6488;6048;6597;9143;9237;7892;11377;10018;2903;3034;3645;4669;2945;2123;5193;5645;6322;6462;6143;6719;9170;9338;7982;12170;14082
31.12.2019;7138;Neuwied, Landkreis;2734;2681;3409;4334;2804;2044;5043;5379;5371;5160;4908;5517;7695;7942;6727;9679;8677;2611;2502;3197;4154;2694;1835;4516;4809;5093;5214;5047;5723;7754;8065;6866;10193;12434
31.12.2019;7140;Rhein-Hunsrück-Kreis;1474;1458;1741;2366;1536;1135;2737;2959;3094;2998;2833;3221;4386;4559;4096;5886;4900;1308;1391;1716;2126;1488;1032;2209;2562;2829;2972;2824;3305;4372;4734;3906;5991;7019
31.12.2019;7141;Rhein-Lahn-Kreis;1621;1704;2077;2765;1736;1237;3200;3302;3590;3523;3442;3911;5194;5451;4631;6943;6190;1591;1691;2031;2631;1622;1174;2696;3077;3355;3501;3390;3870;5210;5470;4729;7428;8314
31.12.2019;7143;Westerwaldkreis;2833;2996;3662;4840;3173;2119;5334;5905;6214;6068;5712;6619;8893;9134;7347;10471;8919;2674;2794;3530;4534;2971;1993;4683;5246;5964;5967;5761;6744;8675;8892;7350;10996;12891
31.12.2019;7211;Trier, kreisfreie Stadt;1537;1510;1744;2300;1359;1276;5145;5659;4918;4007;3300;3199;3971;3716;3181;4273;3958;1361;1347;1660;1976;1207;1302;5532;5265;4439;3764;3074;3058;3748;3800;3367;4988;6587
31.12.2019;7231;Bernkastel-Wittlich, Landkreis;1569;1644;2015;2451;1622;1145;2971;3234;3365;3319;3213;3739;4770;5090;4208;6516;5452;1499;1504;1848;2448;1592;1061;2514;2856;3010;3203;3119;3579;4580;4995;4241;6348;7763
31.12.2019;7232;Eifelkreis Bitburg-Prüm;1507;1505;1859;2379;1498;1066;2757;3170;3066;3166;2830;3099;4283;4505;3720;5215;4244;1433;1381;1690;2172;1366;949;2294;2851;2934;2935;2714;3145;4122;4341;3626;5128;6108
31.12.2019;7233;Vulkaneifel, Landkreis;765;768;1010;1328;876;614;1654;1763;1819;1580;1636;1773;2543;2789;2542;3705;3276;679;754;973;1236;844;584;1357;1464;1543;1602;1623;1848;2519;2744;2429;3619;4387
31.12.2019;7235;Trier-Saarburg, Landkreis;2057;2206;2818;3704;2166;1577;3782;4078;4344;4724;4502;4931;6694;6608;5494;7778;6415;2024;2143;2759;3456;2141;1361;3209;3778;4388;4748;4658;5055;6480;6512;5468;7904;9436
31.12.2019;7311;Frankenthal (Pfalz), kreisfreie Stadt;766;785;954;1102;690;533;1341;1555;1575;1521;1487;1460;1881;1831;1576;2143;2503;708;733;853;1047;661;429;1218;1493;1595;1516;1411;1490;1849;1845;1698;2753;3760
31.12.2019;7312;Kaiserslautern, kreisfreie Stadt;1458;1357;1582;2013;1222;1065;5007;5555;4105;3006;2541;2655;3503;3709;3079;4426;4220;1451;1250;1490;1865;1172;980;3764;3859;3170;2844;2576;2747;3460;3763;3346;5311;6479
31.12.2019;7313;Landau in der Pfalz, kreisfreie Stadt;674;646;734;955;579;492;1780;1935;1635;1393;1214;1365;1767;1771;1472;1980;1882;578;573;745;966;541;606;2802;1896;1565;1305;1186;1417;1844;1810;1512;2337;2924
31.12.2019;7314;Ludwigshafen am Rhein, kreisfreie Stadt;3034;2856;3549;4293;2626;1739;5675;6454;6619;6034;5544;5688;6816;6505;5032;6902;7120;2785;2881;3332;3992;2333;1727;5062;5756;5854;5520;5216;5379;6321;6130;5098;8093;10288
31.12.2019;7315;Mainz, kreisfreie Stadt;3169;2966;3636;4440;2623;2083;9002;10715;10085;8196;6613;6395;7509;6818;5493;8245;8399;3086;2752;3310;3930;2304;2226;10826;11320;9678;7889;6459;6307;7253;7030;6054;9615;12152
31.12.2019;7316;Neustadt an der Weinstraße, kreisfreie Stadt;722;797;920;1161;742;551;1304;1598;1732;1517;1314;1559;2160;2254;2010;2783;2901;757;723;890;1072;727;485;1186;1469;1507;1459;1336;1583;2203;2364;2040;3156;4282
31.12.2019;7317;Pirmasens, kreisfreie Stadt;508;599;676;890;521;386;1189;1259;1240;1051;1031;1131;1568;1664;1570;2226;2176;508;516;619;797;512;376;1093;1102;1102;981;1017;1160;1497;1795;1503;2490;3478
31.12.2019;7318;Speyer, kreisfreie Stadt;718;708;925;1143;715;528;1336;1500;1651;1499;1421;1557;2045;2109;1744;2513;2343;656;627;853;1059;695;528;1229;1442;1499;1489;1482;1652;2102;2150;1898;3018;3727
31.12.2019;7319;Worms, kreisfreie Stadt;1323;1297;1587;2010;1203;877;2848;3041;2748;2584;2559;2624;3214;3225;2763;3867;3468;1297;1214;1520;1897;1140;858;2491;2656;2557;2527;2492;2590;3030;3214;2974;4513;5334
31.12.2019;7320;Zweibrücken, kreisfreie Stadt;479;434;571;739;497;360;1026;1223;1262;1095;962;991;1261;1359;1195;1771;1718;410;461;590;709;436;348;870;992;1045;983;926;945;1265;1419;1330;2007;2514
31.12.2019;7331;Alzey-Worms, Landkreis;1895;1900;2502;3031;2018;1440;3500;3595;3956;4080;3804;4229;5572;5749;5014;7034;5163;1904;1927;2324;2896;1841;1361;2998;3182;3806;3860;3861;4191;5717;5899;5101;7122;7215
31.12.2019;7332;Bad Dürkheim, Landkreis;1694;1785;2324;2942;1842;1362;3194;3302;3458;3611;3585;4021;5905;6106;5168;7582;6990;1716;1741;2088;2688;1768;1214;2714;3089;3424;3764;3715;4412;5963;6252;5336;8303;9613
31.12.2019;7333;Donnersbergkreis;1050;1057;1314;1771;1218;790;2002;1950;2208;2090;2132;2330;3206;3544;3059;4253;3357;1048;980;1273;1734;1112;753;1689;1837;2054;2155;2170;2438;3210;3480;3005;4329;4727
31.12.2019;7334;Germersheim, Landkreis;1969;1980;2369;3141;1923;1390;3649;3808;4153;4287;3746;4310;5493;5624;4732;6281;5422;1837;1842;2277;2850;1737;1195;3390;3614;3850;4096;3769;4292;5437;5479;4713;6784;7574
31.12.2019;7335;Kaiserslautern, Landkreis;1789;1634;2053;2529;1603;1174;2765;2819;3070;3011;2926;3157;4241;4667;4115;5806;4719;1760;1554;1874;2392;1466;1072;2311;2739;3155;3209;3039;3287;4321;4749;4211;5845;6917
31.12.2019;7336;Kusel, Landkreis;996;940;1167;1481;953;722;1834;1886;1968;1923;1843;2050;2942;3329;2981;4355;3504;929;876;1146;1440;894;630;1496;1743;1899;1908;1841;2181;2863;3274;2970;4326;4929
31.12.2019;7337;Südliche Weinstraße, Landkreis;1481;1522;1970;2456;1616;1134;2718;2781;3031;3196;2996;3464;4847;5153;4223;6395;5436;1363;1458;1879;2249;1414;1061;2417;2659;2985;3168;3135;3605;4991;5157;4334;6732;7495
31.12.2019;7338;Rhein-Pfalz-Kreis;2375;2494;2935;3481;2131;1579;3801;3989;4499;4727;4564;4800;6419;6998;5638;7961;7933;2175;2252;2739;3251;2056;1449;3233;3741;4372;4821;4530;4852;6691;7028;5664;8814;10617
31.12.2019;7339;Mainz-Bingen, Landkreis;3084;3261;4196;5228;3220;2245;5602;5405;5731;6374;6272;7198;9405;9221;7548;10865;9422;2853;3066;3934;4860;3072;2094;4746;4953;5859;6653;6627;7420;9558;9370;7863;11504;12708
31.12.2019;7340;Südwestpfalz, Landkreis;1119;1172;1471;1846;1281;954;2284;2441;2607;2518;2434;2849;4141;4548;4041;5704;5343;1071;1125;1493;1792;1119;791;1966;2310;2441;2551;2454;2993;4219;4572;3991;5929;7261
31.12.2019;8111;Stuttgart, kreisfreie Stadt;9629;8789;10470;13469;7875;6019;21463;29716;31085;25886;21620;21534;23319;21364;16253;23429;25874;9080;8253;10211;12777;7272;5652;20479;28585;28229;23985;20687;20094;21628;20225;16416;27128;37416
31.12.2019;8115;Böblingen, Landkreis;6441;6381;7715;9653;6018;4164;11247;12621;13797;13205;12425;13152;16024;15283;12339;16549;18483;6169;6108;7433;9030;5617;3727;9677;11689;13064;13025;12363;12922;15567;14899;12461;19140;24419
31.12.2019;8116;Esslingen, Landkreis;8063;7788;9764;12790;8012;5720;16982;18387;18419;17566;16714;18245;22222;21596;16588;23073;25405;7562;7466;9382;11992;7452;5229;14220;15934;16787;16706;16445;17712;21791;20653;16945;26865;34549
31.12.2019;8117;Göppingen, Landkreis;3854;3819;4709;6080;3879;2876;7740;8217;8359;8120;7560;8422;10719;10784;8632;12244;12635;3751;3627;4558;5921;3694;2492;6540;7186;7574;7692;7468;8417;10478;10212;8763;13703;17420
31.12.2019;8118;Ludwigsburg, Landkreis;8836;8595;10566;13061;8253;5785;15424;17714;19264;18393;17559;18343;22975;21329;16942;23250;24510;8293;8127;10083;12597;7721;5279;13650;16490;17975;17911;17203;18282;21962;20722;17414;26732;34183
31.12.2019;8119;Rems-Murr-Kreis;6472;6398;7929;10251;6597;4616;12582;13254;13413;13141;12652;14174;18140;17850;13915;19443;20568;6120;6063;7554;9714;6211;4354;10905;12183;12737;13055;12695;14239;17875;17491;14105;22026;28526
31.12.2019;8121;Heilbronn, kreisfreie Stadt;2027;2004;2423;3068;1884;1360;4467;5386;5250;4470;4147;4161;4693;4460;3624;5036;5342;1980;1801;2294;2915;1746;1228;4014;4341;4172;3963;3832;3965;4281;4324;3758;6099;8077
31.12.2019;8125;Heilbronn, Landkreis;5572;5390;6535;8341;5265;3790;10328;11025;11659;11545;10931;11823;14653;14443;11569;15714;14411;5126;5017;6214;7965;5173;3527;8646;9741;10778;10848;10481;11549;14068;14035;11435;17157;19702
31.12.2019;8126;Hohenlohekreis;1721;1627;2103;2787;1768;1333;3585;3716;3981;3738;3319;3738;4692;4811;3958;5303;4692;1651;1648;1939;2576;1653;1198;2926;3286;3435;3255;3231;3782;4482;4598;3919;5599;6605
31.12.2019;8127;Schwäbisch Hall, Landkreis;3136;3064;3776;4769;3238;2216;6000;6472;6940;6626;5939;6458;8064;8154;6758;9419;7691;2976;2925;3591;4703;2924;2033;5025;5788;6137;6053;5640;6288;7819;7840;6961;9911;11427
31.12.2019;8128;Main-Tauber-Kreis;1915;1848;2299;3024;2091;1421;3765;4058;4159;3954;3729;4178;5550;5528;4867;7217;6389;1808;1684;2135;2985;1930;1314;3233;3358;3698;3832;3692;4241;5380;5565;4931;7559;9062
31.12.2019;8135;Heidenheim, Landkreis;1910;1856;2536;3224;2091;1563;4019;4220;4281;4219;3993;4216;5297;5386;4478;6467;6333;1875;1947;2317;3120;1986;1281;3332;3623;3869;4009;3748;4234;5150;5308;4548;6898;9443
31.12.2019;8136;Ostalbkreis;4560;4554;5771;7659;4973;3613;9920;10279;10105;9867;9201;10493;12954;12728;10789;14947;14051;4439;4222;5526;7315;4866;3334;8964;9029;9155;9305;9137;10214;12456;12582;10750;16234;20033
31.12.2019;8211;Baden-Baden, kreisfreie Stadt;714;735;866;1215;702;539;1509;1594;1574;1603;1542;1671;2173;2211;1791;2874;3209;662;646;796;1029;712;486;1242;1440;1551;1643;1614;1789;2364;2349;2040;3489;4811
31.12.2019;8212;Karlsruhe, kreisfreie Stadt;4184;4032;5017;6100;3795;3980;16043;16500;13863;11556;9446;9725;11563;10839;8431;12173;12640;4021;3821;4587;5790;3379;2961;11399;12706;11584;10383;8906;9286;10921;10563;8792;14234;18840
31.12.2019;8215;Karlsruhe, Landkreis;6254;6464;8361;10574;6575;4730;12985;13549;14373;14302;13119;14879;19006;18943;15162;21963;20446;6120;6186;7838;9726;6094;4166;10608;11882;13075;13655;13346;14797;18704;18937;15476;24180;28626
31.12.2019;8216;Rastatt, Landkreis;3304;3339;4149;5350;3452;2489;6408;6825;7212;7298;6763;7470;9743;10216;8474;11655;10794;3115;3103;3908;5029;3287;2262;5509;6192;6715;7049;6761;7616;9559;9917;8445;12650;15362
31.12.2019;8221;Heidelberg, kreisfreie Stadt;2452;2155;2498;3035;1683;1981;7672;8158;7614;6291;4687;4382;5142;4717;3829;5633;5709;2374;2014;2404;2953;1664;2092;9720;8489;7357;6279;4757;4323;4979;4926;4182;6738;8596
31.12.2019;8222;Mannheim, kreisfreie Stadt;4775;4404;5215;6530;3951;3447;12182;13768;13522;11645;9608;9965;11812;11118;8716;12175;12174;4466;4136;4819;6041;3634;3171;12136;12901;11783;10416;9300;9566;11033;10593;9011;14674;17971
31.12.2019;8225;Neckar-Odenwald-Kreis;2087;1948;2531;3341;2286;1654;4421;4535;4425;4257;4019;4508;6168;6399;5400;7590;6617;1869;1920;2369;3175;2128;1400;3437;3657;3870;4012;4008;4722;5781;6404;5500;7913;9282
31.12.2019;8226;Rhein-Neckar-Kreis;8181;8131;10530;13023;8027;5753;15071;16414;16816;17023;15939;17477;23634;22629;18454;26546;26067;7595;7767;9740;12240;7507;5308;13291;14877;16352;17382;16643;18104;23407;22948;19309;30309;35861
31.12.2019;8231;Pforzheim, kreisfreie Stadt;2082;2013;2443;3078;1958;1375;4202;4822;4884;4287;3746;3884;4508;4512;3714;5152;5338;2132;1972;2303;2959;1757;1312;3891;4401;4172;3882;3645;3844;4423;4495;3928;6362;8481
31.12.2019;8235;Calw, Landkreis;2379;2461;3042;3906;2560;1816;4733;4879;5049;4852;4668;5235;6626;6979;5578;7813;7274;2184;2214;2792;3587;2385;1599;4080;4069;4610;4657;4599;5087;6513;6815;5698;8342;10120
31.12.2019;8236;Enzkreis;2967;2931;3730;4808;3193;2251;5889;5799;5935;6173;5781;6449;8635;8583;6968;9497;9483;2900;2804;3494;4469;2944;2094;4880;5120;5691;6073;5653;6444;8734;8528;6977;10517;13162
31.12.2019;8237;Freudenstadt, Landkreis;1700;1660;2201;2928;1932;1393;3631;3794;3647;3534;3424;3888;4979;5119;4257;5768;5227;1654;1626;2051;2768;1776;1247;2906;3270;3356;3497;3313;3839;4919;5094;4252;5935;7658
31.12.2019;8311;Freiburg im Breisgau, kreisfreie Stadt;3688;3348;4070;4687;2935;2396;9410;10930;10187;8363;6561;6495;7734;7243;5968;8311;8007;3534;3071;3885;4720;2819;2834;12250;11998;10099;8162;6694;6714;7823;7575;6505;9744;12435
31.12.2019;8315;Breisgau-Hochschwarzwald, Landkreis;4068;3942;5180;6349;4201;2845;7658;7717;7818;7889;7478;8024;10854;10829;8903;13275;12924;3704;3841;4738;6181;3706;2686;6553;7017;7502;7966;7554;8558;11229;10972;9407;14631;17402
31.12.2019;8316;Emmendingen, Landkreis;2503;2471;3188;4102;2657;1779;4746;4866;5059;5169;4724;5268;7075;6998;5824;8309;7506;2415;2429;2925;3875;2271;1688;4077;4354;4840;5139;4905;5447;7009;7156;6008;9016;10610
31.12.2019;8317;Ortenaukreis;6479;6468;8114;10485;6585;4821;12734;13344;14172;13200;12375;13912;18072;18214;15174;21226;19445;6219;6242;7589;10198;6204;4336;10865;12063;12839;12784;12117;13775;17620;17740;15229;22491;27822
31.12.2019;8325;Rottweil, Landkreis;2139;2167;2683;3502;2206;1583;4155;4419;4331;4171;4001;4526;5998;5963;4906;6610;6644;2022;1992;2495;3292;2135;1436;3486;3886;4130;4012;3817;4463;5669;5867;4787;7140;9245
31.12.2019;8326;Schwarzwald-Baar-Kreis;3213;3010;3908;4983;3120;2176;6607;6796;7303;6536;6068;6460;8213;8607;7453;10341;10600;3095;2999;3617;4895;2992;2066;5408;6162;6470;6253;5889;6396;8250;8515;7438;11543;15124
31.12.2019;8327;Tuttlingen, Landkreis;2234;2221;2853;3693;2343;1637;4422;4663;4917;4654;4328;4627;5554;5626;4658;6225;6192;2229;2166;2713;3530;2197;1449;3610;4093;4461;4231;4171;4367;5375;5359;4672;6759;8537
31.12.2019;8335;Konstanz, Landkreis;4150;4155;5102;6463;4117;3338;10645;10029;9059;8411;7789;8421;11158;11111;9049;12956;13384;3987;3922;4890;6390;3905;3382;10334;8974;8784;8698;8050;8953;11835;11544;9422;14747;19151
31.12.2019;8336;Lörrach, Landkreis;3486;3472;4480;5733;3585;2387;6321;6880;7232;7043;6504;7177;9552;9593;7868;10480;10254;3349;3350;4328;5395;3316;2259;5591;6398;7065;7227;6878;7582;9805;9899;7982;11600;14665
31.12.2019;8337;Waldshut, Landkreis;2552;2652;3399;4344;2842;1897;4783;5176;5244;5274;4834;5299;6935;7070;5988;8618;7921;2375;2536;3213;4161;2575;1732;4108;4631;5104;5276;4930;5398;6812;7025;6150;9212;10937
31.12.2019;8415;Reutlingen, Landkreis;4448;4405;5411;6963;4481;3172;8802;9143;9197;9069;8327;9404;11959;11617;9499;13164;13220;4218;4062;5084;6706;4102;2920;7823;8008;8737;8784;8541;9497;11578;11605;9837;14414;18837
31.12.2019;8416;Tübingen, Landkreis;3560;3458;4159;5202;3313;2684;9229;9368;8421;7455;6240;6663;8385;8419;7046;9548;8354;3336;3251;3985;5066;3112;3018;10808;9325;8081;7244;6267;6856;8468;8692;7330;10242;12093
31.12.2019;8417;Zollernalbkreis;2604;2625;3352;4414;2846;2084;5670;5799;6048;5690;5292;6134;7832;8227;6818;9463;9023;2602;2511;3173;4234;2685;1872;4593;5287;5396;5403;5218;6163;7722;8094;6862;10302;13325
31.12.2019;8421;Ulm, kreisfreie Stadt;1962;1826;2362;2751;1743;1352;5171;5929;5422;4479;3992;4052;4486;4141;3217;4956;5072;1839;1675;2172;2789;1531;1392;4978;5224;4803;4240;3866;3822;4392;4031;3754;5957;7412
31.12.2019;8425;Alb-Donau-Kreis;3138;3089;3852;5043;3317;2324;6138;6298;6537;6339;6178;6635;8319;8142;6707;9062;8362;2946;2974;3772;4730;3085;2053;5224;5463;5847;5994;5803;6378;7962;7818;6557;9390;11600
31.12.2019;8426;Biberach, Landkreis;3356;3277;4087;5210;3331;2195;6134;6558;6983;6683;6188;6795;8489;8030;6760;9222;8092;3263;3159;3868;4892;3170;2042;5262;5812;6386;6384;5863;6646;8017;7820;6759;9399;11150
31.12.2019;8435;Bodenseekreis;3130;3080;3963;5108;3286;2469;6139;6617;6700;6633;6389;6811;8886;8638;7096;10840;11467;3079;2940;3755;4853;3080;2217;5336;6103;6437;6637;6242;6898;8936;8876;7525;12321;14983
31.12.2019;8436;Ravensburg, Landkreis;4560;4253;5406;7094;4575;3368;9351;9624;9542;8828;8370;9445;11742;11243;9186;13275;12472;4164;4175;5133;6607;4250;3100;8393;8468;8712;8738;8225;9427;11490;11309;9605;14213;17081
31.12.2019;8437;Sigmaringen, Landkreis;1891;1968;2431;3216;2113;1502;4326;4270;4186;3826;3689;4155;5444;5774;4687;6311;5784;1918;1788;2260;3075;1953;1395;3579;3586;3721;3796;3456;4212;5435;5595;4566;6700;8241
31.12.2019;9161;Ingolstadt, kreisfreie Stadt;2334;2123;2599;3032;1847;1426;4493;5658;6470;5392;4689;4512;5097;4807;3952;5464;5576;2246;2015;2381;2807;1822;1140;3695;5006;5389;4881;4379;4299;4807;4570;4129;6318;8037
31.12.2019;9162;München, kreisfreie Stadt;25128;22392;26071;29885;16847;13072;47586;65961;70535;59529;50372;49182;55143;46308;34990;53244;57418;24332;21418;24936;28582;16179;12397;46676;68936;70311;60173;51432;48632;52701;47436;37999;65978;82445
31.12.2019;9163;Rosenheim, kreisfreie Stadt;1066;897;1110;1400;914;658;2132;2556;2577;2222;2043;2021;2449;2250;1710;2680;2672;932;839;1079;1379;826;616;2031;2281;2255;2086;1952;2006;2395;2297;1786;3383;4051
31.12.2019;9171;Altötting, Landkreis;1757;1615;2043;2616;1704;1088;3302;3394;3501;3533;3218;3694;4617;4703;3796;5472;5152;1624;1630;2002;2444;1589;1099;2811;3012;3174;3386;3082;3545;4441;4607;3987;6255;7623
31.12.2019;9172;Berchtesgadener Land, Landkreis;1504;1510;1781;2301;1411;1041;3233;3551;3555;3395;3023;3229;4304;4078;3310;5238;5689;1456;1347;1717;2117;1344;958;2787;3065;3268;3173;3083;3233;4204;4267;3476;6222;8059
31.12.2019;9173;Bad Tölz-Wolfratshausen, Landkreis;1968;1940;2478;3113;1877;1374;3724;3795;3861;3903;3856;4098;5598;5211;4151;5911;6306;1893;1832;2199;2863;1866;1280;3217;3323;3772;3971;3900;4289;5621;5197;4207;6755;8568
31.12.2019;9174;Dachau, Landkreis;2487;2423;3166;3675;2260;1661;4723;4906;5285;5496;5326;5428;6688;6228;4829;6515;6428;2437;2271;2900;3564;2229;1420;3964;4458;5017;5391;5262;5251;6556;6080;4644;7350;8581
31.12.2019;9175;Ebersberg, Landkreis;2213;2392;3053;3856;2241;1647;4420;4238;4305;4726;4962;5241;6559;5679;4295;5689;6290;2090;2294;2882;3552;2100;1486;3647;3668;4191;4924;4975;5071;6314;5622;4159;6436;8432
31.12.2019;9176;Eichstätt, Landkreis;2265;2196;2804;3351;2155;1498;4249;4308;4634;4631;4646;4469;5636;5329;4488;5746;5113;2257;2174;2614;3131;1974;1421;3659;3752;4282;4451;4029;4302;5194;5162;4224;5897;6840
31.12.2019;9177;Erding, Landkreis;2132;2299;2681;3442;2253;1538;4256;4415;4467;4579;4842;5076;6542;5897;4417;5807;4986;2080;1999;2550;3234;2145;1462;3844;3957;4234;4657;4526;5012;6137;5632;4183;6209;6692
31.12.2019;9178;Freising, Landkreis;2945;2748;3569;4293;2715;2044;6529;7030;6915;6647;6369;6657;8034;7173;5378;6732;6329;2711;2657;3309;4011;2520;1780;5642;6071;6118;6163;5866;6038;7519;6717;5099;7362;8317
31.12.2019;9179;Fürstenfeldbruck, Landkreis;3376;3331;4436;5387;3155;2317;6304;6315;6730;6971;7116;7527;9350;8397;6302;9653;11135;3184;3174;4238;5121;3181;2120;5331;5819;6475;7117;7198;7402;9182;8533;6708;11720;15006
31.12.2019;9180;Garmisch-Partenkirchen, Landkreis;1261;1164;1464;1887;1181;912;2565;2706;2600;2445;2345;2710;3643;3614;2759;4586;5074;1118;1148;1393;1725;1100;834;2178;2425;2450;2516;2557;2782;3906;3750;2994;5299;7333
31.12.2019;9181;Landsberg am Lech, Landkreis;1704;1841;2331;2966;1934;1377;3734;3540;3660;3654;3658;3995;5485;5162;4003;5627;5395;1685;1745;2237;2901;1830;1273;3044;2941;3242;3619;3605;4138;5496;5298;3994;6178;7010
31.12.2019;9182;Miesbach, Landkreis;1420;1470;1806;2391;1413;1035;2839;2837;2921;2941;2952;3333;4436;4106;3185;4654;5260;1370;1349;1712;2213;1408;910;2304;2610;2824;3019;3132;3402;4531;4259;3257;5492;7219
31.12.2019;9183;Mühldorf am Inn, Landkreis;1806;1823;2275;2760;1705;1204;3634;3896;3943;3784;3694;3947;4971;4843;4013;5529;4891;1622;1658;2053;2542;1676;1185;3045;3279;3390;3382;3443;3722;4681;4692;3956;5964;6864
31.12.2019;9184;München, Landkreis;5026;5620;7271;9347;5408;3714;11601;10751;10867;11339;11840;12186;15307;12815;9570;14067;17707;4905;5279;6871;8891;4967;3366;9020;9165;10205;11632;12020;12492;14667;12743;9777;16962;23075
31.12.2019;9185;Neuburg-Schrobenhausen, Landkreis;1475;1519;1958;2317;1492;1090;2939;3097;3177;3282;3285;3297;4127;4063;3327;4467;4019;1482;1449;1864;2249;1417;992;2507;2751;2952;3187;2965;3162;3823;3956;3340;4720;5556
31.12.2019;9186;Pfaffenhofen an der Ilm, Landkreis;2177;2043;2452;3046;1874;1369;3836;4164;4671;4690;4408;4339;5618;5437;4284;5652;5107;1964;1938;2484;2834;1821;1253;3256;3556;4180;4422;3931;4120;5163;5175;4200;6056;6707
31.12.2019;9187;Rosenheim, Landkreis;3945;3870;4851;6305;4090;2812;7693;7875;8047;7985;7467;8586;11277;10645;8705;12805;12441;3658;3601;4801;5706;3834;2603;6454;7014;7463;7715;7801;8834;11406;11029;8918;14372;16722
31.12.2019;9188;Starnberg, Landkreis;1848;2015;2764;3632;2199;1543;3706;3527;3288;3728;3898;4504;6070;5494;4077;6196;7776;1798;1946;2642;3454;2124;1432;3222;3080;3312;4102;4404;4923;6276;5624;4534;7492;10037
31.12.2019;9189;Traunstein, Landkreis;2573;2459;3053;4060;2620;1815;5236;5566;5476;5366;5025;5661;7183;7423;5965;9158;8975;2399;2392;2945;3992;2445;1644;4467;4940;5120;5081;5073;5669;7321;7515;6229;10115;12358
31.12.2019;9190;Weilheim-Schongau, Landkreis;1977;2073;2603;3282;2072;1512;3915;3885;4134;4119;3871;4170;5778;5696;4592;6686;6877;1927;1963;2504;3109;1938;1367;3267;3588;3824;4039;3903;4441;5871;5783;4651;7222;8839
31.12.2019;9261;Landshut, kreisfreie Stadt;1008;1059;1237;1578;928;703;2499;2931;2894;2530;2411;2429;2905;2575;1970;3098;3197;1062;963;1236;1484;946;662;2224;2696;2638;2419;2401;2362;2759;2580;2304;3891;4832
31.12.2019;9262;Passau, kreisfreie Stadt;638;607;707;923;595;516;2437;2651;2288;1722;1375;1471;1733;1774;1507;2372;2297;622;594;745;911;587;569;2721;2372;1840;1616;1342;1398;1731;1811;1707;2956;3668
31.12.2019;9263;Straubing, kreisfreie Stadt;658;585;754;1030;594;495;1460;1946;1894;1722;1537;1610;1924;1938;1561;2357;2023;620;583;678;936;557;415;1326;1567;1515;1446;1368;1476;1743;1922;1630;2717;3204
31.12.2019;9271;Deggendorf, Landkreis;1602;1577;2166;2541;1807;1339;3966;4141;3800;3857;3543;4031;4991;5059;4251;6071;4908;1525;1530;1973;2521;1664;1221;3361;3515;3455;3595;3488;4001;4756;5081;4370;6585;7187
31.12.2019;9272;Freyung-Grafenau, Landkreis;999;1015;1251;1652;1196;857;2291;2388;2190;2334;2201;2650;3294;3518;3249;4661;3317;998;968;1190;1490;1107;720;2121;2116;2109;2181;2106;2643;3265;3664;3153;4528;4940
31.12.2019;9273;Kelheim, Landkreis;1925;1882;2342;3112;1876;1421;3908;4104;4266;4207;3975;4371;5291;5178;4222;5607;4825;1831;1741;2300;2840;1856;1288;3275;3494;3676;3901;3824;4028;4943;4821;4049;6052;6627
31.12.2019;9274;Landshut, Landkreis;2458;2525;3198;3980;2409;1770;4806;4914;5101;5280;5270;5755;7191;6846;5510;7630;6270;2355;2418;2942;3768;2341;1639;4105;4162;4681;5020;4995;5567;6752;6611;5347;7910;8369
31.12.2019;9275;Passau, Landkreis;2495;2611;3379;4308;2902;2016;5591;5732;5630;5909;5758;6626;8140;8126;7230;10603;8671;2366;2479;3279;3989;2619;1850;4904;5142;5405;5601;5484;6384;7863;8395;7256;11410;12503
31.12.2019;9276;Regen, Landkreis;1032;1038;1368;1657;1136;861;2200;2415;2448;2326;2170;2586;3204;3294;3049;4571;3264;1001;993;1122;1562;1006;828;1936;2078;2125;2141;2233;2496;3167;3358;3042;4606;5097
31.12.2019;9277;Rottal-Inn, Landkreis;1738;1694;2158;2763;1788;1332;3893;3954;3755;3739;3617;4205;5060;5097;4380;6201;5546;1583;1575;2032;2640;1753;1193;3350;3348;3385;3640;3384;3845;4865;5121;4421;6590;7857
31.12.2019;9278;Straubing-Bogen, Landkreis;1530;1493;1853;2394;1610;1166;2966;2948;3195;3198;3157;3614;4454;4432;3693;5076;3984;1413;1411;1792;2377;1446;1030;2509;2716;2910;3063;3080;3548;4220;4244;3606;5266;5726
31.12.2019;9279;Dingolfing-Landau, Landkreis;1491;1397;1745;2194;1442;1061;2998;3386;3579;3300;3204;3400;4093;4223;3528;4671;3868;1395;1292;1582;2141;1370;980;2392;2869;2895;2950;2766;3175;3787;4020;3446;4707;5336
31.12.2019;9361;Amberg, kreisfreie Stadt;572;504;663;958;553;420;1293;1560;1516;1379;1230;1241;1637;1695;1447;2164;1984;577;507;654;815;536;403;1094;1265;1244;1159;1120;1268;1656;1736;1528;2542;3287
31.12.2019;9362;Regensburg, kreisfreie Stadt;2326;2000;2426;2953;1673;1423;5970;8093;7695;5983;4539;4542;5189;4729;3839;5430;5506;2176;1929;2337;2821;1595;1512;6635;7999;7138;5507;4642;4673;5125;5062;4204;6749;8674
31.12.2019;9363;Weiden in der Oberpfalz, kreisfreie Stadt;617;507;704;861;562;457;1421;1544;1427;1257;1146;1272;1716;1655;1380;2073;2053;574;536;653;838;570;425;1268;1325;1267;1297;1183;1379;1711;1761;1489;2564;3251
31.12.2019;9371;Amberg-Sulzbach, Landkreis;1538;1331;1701;2332;1529;1103;3053;3073;3215;3000;2915;3406;4549;4842;4053;5387;4607;1492;1267;1674;2138;1422;1067;2619;2654;2922;2886;2869;3334;4399;4646;3981;5395;6650
31.12.2019;9372;Cham, Landkreis;1731;1840;2156;2806;1801;1337;3860;4040;3978;3984;3742;4388;5429;5691;4875;7106;5525;1707;1631;2153;2665;1724;1286;3309;3465;3735;3708;3653;4235;5112;5497;4741;7093;7995
31.12.2019;9373;Neumarkt in der Oberpfalz, Landkreis;2095;2016;2525;3159;1917;1576;4254;4418;4385;4412;4182;4663;6002;5882;4796;6524;5252;1977;1885;2426;2955;1939;1384;3600;3809;3892;4121;3924;4441;5602;5656;4703;6537;7664
31.12.2019;9374;Neustadt an der Waldnaab, Landkreis;1422;1283;1587;2125;1387;1020;2734;2812;2832;2867;2688;3063;4137;4356;3657;5077;4014;1446;1145;1535;1974;1343;944;2431;2507;2709;2796;2622;3104;4135;4160;3505;5091;5942
31.12.2019;9375;Regensburg, Landkreis;2878;2986;3787;4676;2935;2065;5601;5751;5949;6257;6203;6858;8456;8395;6898;9679;7811;2782;2862;3500;4397;2799;1866;4864;5040;5577;6184;6154;6685;8312;8196;6979;10144;10544
31.12.2019;9376;Schwandorf, Landkreis;2123;2104;2616;3194;2187;1609;4494;4796;4811;4659;4732;5065;6331;6553;5375;7510;6156;2003;1926;2457;3177;2038;1456;3896;4172;4272;4471;4297;4986;5926;6277;5199;7798;9206
31.12.2019;9377;Tirschenreuth, Landkreis;936;954;1180;1519;990;734;2070;2208;2185;2058;1993;2414;3148;3282;2792;4008;3420;892;919;1195;1420;949;679;1772;1913;1896;1975;1983;2317;3005;3220;2806;4105;5109
31.12.2019;9461;Bamberg, kreisfreie Stadt;1205;1021;1247;1393;890;704;2763;3697;3721;2671;2128;2158;2686;2667;2160;3084;3101;1157;940;1171;1411;822;678;3223;3764;3377;2454;2124;2256;2694;2829;2382;3680;5115
31.12.2019;9462;Bayreuth, kreisfreie Stadt;884;865;989;1348;836;996;4237;3745;2686;2194;2014;1999;2543;2445;2073;3377;3308;911;762;1012;1281;771;937;3974;3165;2418;2015;1902;2106;2529;2623;2423;4150;5265
31.12.2019;9463;Coburg, kreisfreie Stadt;549;507;602;809;512;416;1447;1530;1567;1320;1010;1115;1562;1632;1340;1995;2129;503;480;576;825;447;410;1225;1354;1331;1128;1085;1280;1554;1686;1565;2386;3195
31.12.2019;9464;Hof, kreisfreie Stadt;664;669;816;918;612;511;1490;1518;1516;1323;1210;1364;1718;1755;1517;2319;2175;651;641;781;893;578;467;1320;1372;1366;1261;1246;1415;1758;1766;1626;2919;3670
31.12.2019;9471;Bamberg, Landkreis;2149;2239;2678;3514;2151;1645;4206;4411;4602;4762;4491;5113;6526;6738;5483;7346;5686;2212;2126;2638;3213;2154;1370;3498;3938;4474;4666;4425;4982;6395;6512;5320;7371;8129
31.12.2019;9472;Bayreuth, Landkreis;1362;1379;1841;2381;1515;1119;2667;2722;2822;3142;2917;3556;4613;4763;3997;5721;4844;1303;1289;1755;2195;1481;965;2377;2494;2801;3063;2919;3670;4520;4609;3930;5841;7091
31.12.2019;9473;Coburg, Landkreis;1203;1186;1497;1872;1191;949;2215;2329;2616;2590;2394;2760;3817;3927;3359;4738;4193;1125;1132;1380;1736;1181;781;1871;2083;2477;2563;2393;2822;3744;3910;3323;5122;6268
31.12.2019;9474;Forchheim, Landkreis;1677;1718;2126;2641;1694;1261;3268;3362;3498;3616;3604;3665;4958;5369;4452;5834;5028;1595;1652;2093;2640;1636;1142;2799;3010;3361;3666;3371;3785;5025;5251;4250;6224;6932
31.12.2019;9475;Hof, Landkreis;1110;1128;1490;1933;1327;957;2420;2471;2430;2533;2454;3004;4183;4425;3762;5500;5332;1098;1123;1394;1864;1283;834;2102;2203;2296;2520;2434;3251;4076;4263;3759;5912;7930
31.12.2019;9476;Kronach, Landkreis;750;740;1041;1279;903;715;1685;1811;1842;1905;1859;2297;3063;3183;2722;3885;3307;699;743;995;1268;893;613;1487;1605;1659;1751;1845;2313;2937;3078;2685;4026;5159
31.12.2019;9477;Kulmbach, Landkreis;875;820;1091;1541;1024;750;1952;1994;1978;1975;2002;2375;3195;3298;2798;4168;3408;802;799;1032;1439;951;637;1621;1696;1800;1932;1992;2473;3220;3172;2897;4444;5415
31.12.2019;9478;Lichtenfels, Landkreis;897;911;1092;1390;877;690;1827;1994;1942;1920;1949;2185;2850;3089;2558;3585;3209;813;844;1119;1370;883;567;1658;1799;1820;1896;1919;2250;2809;2930;2613;3787;4734
31.12.2019;9479;Wunsiedel im Fichtelgebirge, Landkreis;952;919;1208;1454;976;750;1851;1962;1905;1931;1843;2214;3070;3287;2857;4320;3947;879;819;1047;1419;953;632;1675;1762;1717;1933;1879;2291;3059;3264;2894;4757;6229
31.12.2019;9561;Ansbach, kreisfreie Stadt;673;610;727;916;578;439;1366;1426;1371;1287;1158;1227;1577;1601;1324;1882;1860;686;606;699;943;535;421;1207;1426;1296;1293;1251;1330;1645;1695;1519;2313;2911
31.12.2019;9562;Erlangen, kreisfreie Stadt;1646;1635;1942;2429;1427;1179;4803;6038;5063;4102;3229;3234;4028;3783;2964;4070;4441;1575;1544;1878;2263;1379;1085;4718;5305;4420;3722;3189;3301;3978;3751;3044;4815;6548
31.12.2019;9563;Fürth, kreisfreie Stadt;2050;1958;2298;2788;1719;1329;3914;4651;4921;4751;4226;4218;5224;5076;3947;5263;4718;2036;1844;2054;2509;1586;1184;3582;4312;4655;4635;4393;4374;5346;5092;4173;6326;7345
31.12.2019;9564;Nürnberg, kreisfreie Stadt;8047;7638;9098;11204;6721;4987;16262;20875;21066;18515;16368;16352;19735;17896;14585;21619;22167;7706;7126;8589;10457;6325;4687;16217;20235;19641;18167;16630;16718;18761;18073;15500;26333;34070
31.12.2019;9565;Schwabach, kreisfreie Stadt;631;615;796;962;546;452;1202;1151;1231;1313;1207;1314;1797;1687;1331;1865;1968;616;618;701;902;575;378;961;1122;1262;1248;1259;1328;1868;1667;1302;2277;2829
31.12.2019;9571;Ansbach, Landkreis;2783;2736;3388;4514;2904;2053;5729;5770;5823;5914;5480;6196;7767;8051;6728;9236;7764;2727;2581;3184;4148;2612;1810;4855;5015;5432;5543;5345;6008;7661;7781;6611;9273;11169
31.12.2019;9572;Erlangen-Höchstadt, Landkreis;2154;2222;2856;3339;2022;1417;3623;3677;3958;4550;4323;4552;5740;5850;4826;7005;6131;1972;2098;2603;3233;1930;1361;3097;3276;4126;4597;4359;4566;5788;5714;5049;7310;7938
31.12.2019;9573;Fürth, Landkreis;1777;1805;2211;2582;1527;1133;2948;2967;3308;3536;3533;3688;5061;4982;4091;6211;5840;1694;1718;2095;2510;1537;1095;2706;2853;3374;3838;3709;3863;5185;5101;4226;6855;8294
31.12.2019;9574;Nürnberger Land, Landkreis;2421;2497;3235;3928;2545;1767;4563;4449;4859;5258;5113;5623;7551;7293;6005;8658;8432;2333;2390;2884;3580;2329;1568;3964;4153;4932;5475;5033;5787;7393;7328;6137;9667;11642
31.12.2019;9575;Neustadt an der Aisch-Bad Windsheim, Landkreis;1463;1458;1862;2380;1570;1133;2993;2951;3162;3277;2939;3250;4309;4418;3756;5351;4349;1428;1426;1758;2155;1444;942;2526;2667;2899;3091;2881;3267;4300;4362;3650;5374;6223
31.12.2019;9576;Roth, Landkreis;1951;1944;2345;2874;1824;1372;3579;3549;3793;3847;3797;4155;5752;5592;4542;6319;5717;1737;1781;2221;2785;1778;1280;3202;3156;3717;3834;3731;4232;5592;5450;4566;6713;8022
31.12.2019;9577;Weißenburg-Gunzenhausen, Landkreis;1385;1369;1701;2254;1456;1059;2746;2778;3085;2750;2812;3012;3856;4280;3512;4911;4339;1383;1312;1579;2030;1421;940;2307;2521;2728;2772;2644;2829;3835;4083;3473;5238;6334
31.12.2019;9661;Aschaffenburg, kreisfreie Stadt;1118;996;1197;1542;939;709;2113;2575;2669;2311;2133;2300;2767;2749;2233;3261;3029;998;925;1145;1487;915;641;1865;2387;2521;2436;2150;2259;2801;2751;2512;3924;4644
31.12.2019;9662;Schweinfurt, kreisfreie Stadt;797;759;906;1226;699;641;1893;1933;1958;1654;1439;1448;1884;1943;1695;2528;2766;749;729;926;1155;654;486;1549;1687;1576;1604;1471;1535;1823;1978;1889;3123;4323
31.12.2019;9663;Würzburg, kreisfreie Stadt;1705;1485;1655;2059;1197;1203;5739;6981;6296;4433;3329;3244;4053;3989;3265;4997;5501;1677;1478;1643;1914;1228;1493;7673;7007;5077;3848;3200;3145;4116;4260;3810;6222;9012
31.12.2019;9671;Aschaffenburg, Landkreis;2517;2449;3106;3902;2586;1787;4723;4941;5171;5314;4928;5511;7765;7798;6514;9120;8325;2418;2299;2866;3794;2467;1664;3968;4544;4955;5242;5060;5823;7739;7952;6363;9526;11063
31.12.2019;9672;Bad Kissingen, Landkreis;1392;1313;1696;2167;1450;1050;2707;2783;2967;2976;2751;3221;4306;4614;3987;5978;5502;1275;1283;1697;2149;1439;940;2421;2520;2774;2796;2773;3180;4289;4638;4056;6246;7899
31.12.2019;9673;Rhön-Grabfeld, Landkreis;1080;1159;1388;1837;1178;891;2239;2299;2328;2330;2135;2486;3283;3620;3145;4488;3760;1036;1052;1382;1735;1207;769;1877;2134;2161;2325;2145;2562;3305;3538;3028;4477;5256
31.12.2019;9674;Haßberge, Landkreis;1186;1218;1500;1927;1297;895;2377;2492;2521;2666;2361;2681;3626;3961;3335;4668;3598;1133;1163;1464;1749;1176;857;2075;2113;2432;2535;2285;2675;3538;3904;3276;4585;5115
31.12.2019;9675;Kitzingen, Landkreis;1368;1329;1619;1988;1342;1008;2652;2938;2984;2933;2664;2952;3987;3990;3272;4881;3955;1238;1228;1521;1967;1325;865;2228;2551;2716;2754;2718;2902;3775;3938;3294;4702;5571
31.12.2019;9676;Miltenberg, Landkreis;1788;1824;2293;2986;1946;1426;3722;3742;3742;3877;3666;4290;5720;5671;4684;6636;6092;1747;1690;2248;2790;1836;1299;3155;3378;3569;3795;3784;4417;5582;5578;4627;7012;8131
31.12.2019;9677;Main-Spessart, Landkreis;1702;1669;2076;2669;1820;1230;3455;3623;3734;3710;3495;4005;5453;5888;4968;7217;6237;1617;1617;2004;2571;1738;1186;2879;3054;3386;3472;3523;4032;5526;5631;4924;7318;8729
31.12.2019;9678;Schweinfurt, Landkreis;1767;1719;2061;2628;1710;1204;3169;3423;3649;3656;3159;3652;4803;5286;4400;6181;5547;1565;1575;1937;2331;1612;1136;2737;3098;3396;3346;3192;3506;4843;5073;4366;6293;7425
31.12.2019;9679;Würzburg, Landkreis;2428;2448;3033;3662;2381;1742;4573;4604;4954;5110;4888;5075;6669;6936;5964;8750;7515;2322;2326;2768;3559;2202;1549;3996;4349;4675;5002;4905;5152;6580;7169;6095;9283;9638
31.12.2019;9761;Augsburg, kreisfreie Stadt;4498;4150;4895;6154;3694;2820;10672;13057;13278;11199;9463;9325;10721;10125;8179;11631;12361;4315;4004;4630;5672;3607;2918;10740;12255;11542;10069;9122;9094;10140;9922;8731;14691;18908
31.12.2019;9762;Kaufbeuren, kreisfreie Stadt;709;631;761;995;662;468;1327;1423;1561;1435;1330;1281;1686;1755;1446;2165;2237;640;642;745;997;594;450;1123;1356;1359;1288;1242;1296;1699;1812;1572;2451;3260
31.12.2019;9763;Kempten (Allgäu), kreisfreie Stadt;1024;968;1134;1520;921;725;2453;2878;2599;2349;2058;2078;2527;2332;2060;3126;3467;1013;937;1042;1334;871;670;2296;2508;2242;2100;1992;2049;2462;2412;2281;3809;4914
31.12.2019;9764;Memmingen, kreisfreie Stadt;660;612;764;973;662;481;1286;1542;1571;1467;1362;1437;1783;1753;1417;2001;2121;627;628;758;981;625;421;1134;1361;1399;1334;1333;1316;1625;1705;1497;2385;3079
31.12.2019;9771;Aichach-Friedberg, Landkreis;2174;2187;2632;3249;2077;1545;3854;3818;4144;4327;4209;4489;6060;5704;4456;6299;5937;2052;2118;2597;3068;2016;1371;3442;3451;4044;4323;4066;4391;5854;5557;4458;6713;7973
31.12.2019;9772;Augsburg, Landkreis;3995;4031;4962;6132;3822;2799;7191;7181;7775;8196;7681;8450;10942;10606;8470;12165;11363;3897;3786;4733;5699;3706;2506;6220;6626;7514;7989;7767;8297;10900;10495;8626;13311;15635
31.12.2019;9773;Dillingen an der Donau, Landkreis;1426;1458;1826;2307;1530;1056;2993;3021;3123;3003;2911;3210;4163;4082;3448;4694;4190;1372;1341;1667;2225;1445;973;2540;2721;2799;2799;2821;3152;4030;3971;3458;5018;5789
31.12.2019;9774;Günzburg, Landkreis;1977;1922;2382;3050;1990;1435;4056;4324;4277;4045;3986;4284;5473;5352;4410;6051;5274;1846;1732;2207;2857;1868;1313;3350;3642;3810;3813;3755;4265;5199;5229;4407;6127;7319
31.12.2019;9775;Neu-Ulm, Landkreis;2788;2594;3323;3957;2642;1891;5398;5699;5998;5917;5406;5918;6971;6860;5621;8054;7802;2574;2487;3144;4055;2470;1788;4909;5181;5633;5775;5244;5821;6866;6820;5823;8944;10831
31.12.2019;9776;Lindau (Bodensee), Landkreis;1193;1166;1459;1826;1314;944;2293;2335;2544;2513;2311;2582;3542;3401;2685;3998;4332;1106;1115;1304;1833;1153;797;2003;2172;2379;2413;2366;2748;3595;3489;2755;4408;5907
31.12.2019;9777;Ostallgäu, Landkreis;2288;2186;2587;3343;2259;1569;4092;4301;4448;4301;4136;4657;6005;5716;4722;7178;6719;2095;2044;2524;3338;2115;1447;3524;3877;4043;4317;3974;4704;5879;5841;4771;7475;8707
31.12.2019;9778;Unterallgäu, Landkreis;2225;2150;2793;3430;2145;1691;4612;4685;4556;4606;4311;4970;6282;6058;4815;7131;6769;2178;2190;2559;3204;2124;1471;3752;4031;4136;4195;4236;4595;5876;5856;4863;7462;9384
31.12.2019;9779;Donau-Ries, Landkreis;2001;1960;2524;3228;2098;1540;4110;4263;4545;4440;4329;4566;5746;5605;4660;6430;5815;1839;1799;2410;3099;1975;1418;3497;3635;3895;3944;3986;4374;5306;5504;4474;6680;8088
31.12.2019;9780;Oberallgäu, Landkreis;2368;2279;2730;3518;2230;1612;4409;4555;4765;4529;4331;4963;6703;6558;5198;8026;8116;2223;2241;2579;3240;2142;1527;3716;4221;4515;4614;4663;5122;6727;6587;5491;8845;10665
31.12.2019;10041;Regionalverband Saarbrücken, Landkreis;4506;4306;5468;6856;4258;3155;10399;11845;11413;10309;8739;9364;12637;13375;11981;17460;15546;4251;3999;5020;6322;3895;3101;9526;10762;10258;9611;8746;9481;12796;13578;12353;19669;23729
31.12.2019;10042;Merzig-Wadern, Landkreis;1194;1329;1751;2369;1524;1075;2647;2861;3042;3051;2894;3316;4403;4725;4267;5806;4778;1143;1198;1624;2126;1403;951;2263;2644;2874;3046;2924;3326;4407;4751;4171;6089;7271
31.12.2019;10043;Neunkirchen, Landkreis;1695;1648;2035;2757;1728;1280;3450;3772;3959;3956;3357;3801;5500;6021;5385;7501;6695;1498;1640;1992;2481;1595;1114;3022;3421;3740;3640;3596;3861;5453;6119;5435;8065;10196
31.12.2019;10044;Saarlouis, Landkreis;2543;2570;3201;4071;2622;1921;5024;5658;6033;5715;5212;5475;7841;8736;7786;11191;9539;2423;2467;3059;3815;2370;1691;4503;5138;5551;5407;5294;5834;8076;8957;8045;11963;14588
31.12.2019;10045;Saarpfalz-Kreis;1695;1783;2326;2985;1817;1438;3775;4018;4060;3999;3684;3973;5842;6178;5760;8128;7659;1660;1675;2109;2850;1746;1267;3507;3756;3900;3902;3771;4187;6051;6548;5989;8820;11338
31.12.2019;10046;Sankt Wendel, Landkreis;971;998;1330;1714;1201;822;2166;2343;2506;2429;2270;2603;3624;4239;3758;5375;4623;970;967;1265;1760;1116;709;1761;2157;2356;2365;2337;2690;3783;4177;3676;5473;6473
31.12.2019;11000;Berlin, kreisfreie Stadt;60089;57757;69124;79903;44474;31754;100796;139336;168782;149498;121754;112295;133265;131876;100287;149350;153933;56745;55183;65341;75403;41855;30315;101219;140799;164779;142814;116649;108325;129021;130648;103880;176644;225598
31.12.2019;12051;Brandenburg an der Havel, kreisfreie Stadt;879;989;1200;1418;717;566;1612;1869;2767;2541;2136;1963;2640;3130;2642;3809;4699;931;938;1187;1329;759;508;1288;1530;2416;2276;1799;1781;2488;3064;2799;4447;7067
31.12.2019;12052;Cottbus, kreisfreie Stadt;1304;1300;1728;1937;1155;865;2641;2969;3879;3555;2760;2646;3570;4069;3509;5208;5721;1252;1261;1597;1891;1063;745;2308;2534;3350;2956;2502;2582;3507;4318;3932;6273;8791
31.12.2019;12053;Frankfurt (Oder), kreisfreie Stadt;700;780;910;1230;697;522;1501;1448;1964;1833;1661;1620;1946;2457;2342;3285;3203;616;674;918;1140;633;527;1538;1291;1737;1644;1552;1514;1974;2624;2493;3648;5129
31.12.2019;12054;Potsdam, kreisfreie Stadt;3017;2995;3824;4331;2348;1582;4625;5674;7711;6883;6285;5539;6115;6322;4860;7151;7896;2894;2787;3523;4057;2138;1632;5011;5837;8019;7225;6292;5423;6051;6437;5173;8594;12083
31.12.2019;12060;Barnim, Landkreis;2423;2721;3714;4464;2479;1480;3555;3271;5594;6227;6041;5864;7657;8945;7421;10097;9859;2222;2566;3407;4111;2228;1364;2830;3193;5669;6082;5785;5589;7573;8863;7555;10872;13523
31.12.2019;12061;Dahme-Spreewald, Landkreis;2272;2573;3281;3813;2120;1469;3306;3170;5332;5801;5361;5549;7397;8096;6768;8897;9601;2202;2374;3055;3635;2045;1350;2708;2994;5056;5647;5113;5294;7079;7829;6647;9527;13430
31.12.2019;12062;Elbe-Elster, Landkreis;1212;1241;1638;2013;1292;799;1536;1696;2959;3215;2894;3395;4279;5061;4627;6349;6266;1071;1194;1495;2074;1183;680;1196;1451;2619;2670;2487;2975;4096;4988;4704;6875;9597
31.12.2019;12063;Havelland, Landkreis;2026;2406;3250;3925;2387;1594;3438;2984;4796;5142;5041;5233;7452;8168;6256;8310;8139;1988;2313;3054;3720;2219;1483;2712;2669;4716;5222;4994;5276;7525;7719;6206;9000;11633
31.12.2019;12064;Märkisch-Oderland, Landkreis;2487;2823;3877;4576;2539;1616;3151;3015;5635;6585;6378;6224;8259;10144;8448;10979;10350;2350;2655;3575;4233;2363;1349;2650;2788;5823;6520;5949;5747;8059;10048;8253;11443;14860
31.12.2019;12065;Oberhavel, Landkreis;2664;3069;4132;5104;3092;1979;4210;3770;6194;6919;6666;6775;9517;10614;8309;10910;11025;2614;2897;3931;4799;2885;1836;3457;3488;6214;6898;6633;6930;9657;10106;8062;11796;15762
31.12.2019;12066;Oberspreewald-Lausitz, Landkreis;1223;1442;1739;2170;1277;846;1851;1887;3330;3502;3332;3483;4366;5340;4566;6494;6876;1172;1265;1763;2086;1176;729;1408;1619;3006;2907;2712;3041;4323;5137;4786;7518;10999
31.12.2019;12067;Oder-Spree, Landkreis;2311;2364;3228;3874;2231;1510;3095;2806;5033;5510;5392;5406;7450;8533;7673;10504;10696;2154;2242;3132;3765;2117;1288;2448;2649;5112;5438;5031;5167;7147;8735;7720;11579;15463
31.12.2019;12068;Ostprignitz-Ruppin, Landkreis;1218;1281;1753;2198;1240;856;1753;1752;3080;3099;2921;2984;4095;4964;4546;6001;5403;1082;1268;1592;1948;1165;688;1540;1582;2807;2905;2643;2731;3894;4882;4598;6285;8107
31.12.2019;12069;Potsdam-Mittelmark, Landkreis;2667;3201;4387;5629;3291;2017;3928;3425;5808;6864;6964;7261;9872;10749;8855;11438;10878;2606;3014;4213;5336;3175;1838;3307;3003;5812;6915;7076;7094;9805;10503;8591;11859;15185
31.12.2019;12070;Prignitz, Landkreis;838;921;1268;1434;933;652;1438;1375;2420;2286;2010;2298;3070;3991;3463;4719;4685;826;904;1151;1440;827;497;1091;1202;1987;1945;1704;2064;3022;3891;3425;5186;7195
31.12.2019;12071;Spree-Neiße, Landkreis;1255;1422;1847;2419;1385;844;1613;1601;2968;3427;3111;3564;4849;6027;5454;7311;6782;1243;1310;1828;2252;1222;767;1312;1405;2803;3147;2890;3340;4701;5900;5447;7928;10346
31.12.2019;12072;Teltow-Fläming, Landkreis;2396;2474;3207;4009;2344;1535;3524;3412;5832;5998;5400;5626;7466;8156;6521;8529;8367;2250;2433;3118;3714;2093;1391;2904;3010;5491;5629;5132;5174;7142;7818;6370;9050;12482
31.12.2019;12073;Uckermark, Landkreis;1416;1504;1945;2591;1480;975;2007;1969;3421;3478;3244;3435;4826;5964;5528;7494;7138;1178;1427;1869;2409;1423;837;1608;1853;3145;3121;3123;3249;4724;6062;5495;8215;10794
31.12.2019;13001;Greifswald, kreisfreie Stadt (bis 03.09.2011);-;-;-;-;-;-;-;-;-;-;-;-;-;-;-;-;-;-;-;-;-;-;-;-;-;-;-;-;-;-;-;-;-;-
31.12.2019;13002;Neubrandenburg, kreisfreie Stadt (bis 03.09.2011);-;-;-;-;-;-;-;-;-;-;-;-;-;-;-;-;-;-;-;-;-;-;-;-;-;-;-;-;-;-;-;-;-;-
31.12.2019;13003;Rostock, kreisfreie Stadt;2867;2723;3357;3844;2260;2069;7013;7799;9925;7940;6328;5446;6866;7433;6239;9577;11415;2737;2647;3231;3757;2133;2192;7197;6650;8166;6670;5283;4902;6404;7556;7007;11879;17679
31.12.2019;13004;Schwerin, kreisfreie Stadt;1335;1377;1753;2053;1253;957;2335;2411;3561;3237;2880;2681;3159;3511;3234;4993;5227;1297;1359;1657;1938;1195;930;2054;2251;3372;3019;2710;2442;3242;3864;3672;6074;8620
31.12.2019;13005;Stralsund, kreisfreie Stadt (bis 03.09.2011);-;-;-;-;-;-;-;-;-;-;-;-;-;-;-;-;-;-;-;-;-;-;-;-;-;-;-;-;-;-;-;-;-;-
31.12.2019;13006;Wismar, kreisfreie Stadt (bis 03.09.2011);-;-;-;-;-;-;-;-;-;-;-;-;-;-;-;-;-;-;-;-;-;-;-;-;-;-;-;-;-;-;-;-;-;-
31.12.2019;13051;Bad Doberan, Landkreis (bis 03.09.2011);-;-;-;-;-;-;-;-;-;-;-;-;-;-;-;-;-;-;-;-;-;-;-;-;-;-;-;-;-;-;-;-;-;-
31.12.2019;13052;Demmin, Landkreis (bis 03.09.2011);-;-;-;-;-;-;-;-;-;-;-;-;-;-;-;-;-;-;-;-;-;-;-;-;-;-;-;-;-;-;-;-;-;-
31.12.2019;13053;Güstrow, Landkreis (bis 03.09.2011);-;-;-;-;-;-;-;-;-;-;-;-;-;-;-;-;-;-;-;-;-;-;-;-;-;-;-;-;-;-;-;-;-;-
31.12.2019;13054;Ludwigslust, Landkreis (bis 03.09.2011);-;-;-;-;-;-;-;-;-;-;-;-;-;-;-;-;-;-;-;-;-;-;-;-;-;-;-;-;-;-;-;-;-;-
31.12.2019;13055;Mecklenburg-Strelitz, Landkreis (bis 03.09.2011);-;-;-;-;-;-;-;-;-;-;-;-;-;-;-;-;-;-;-;-;-;-;-;-;-;-;-;-;-;-;-;-;-;-
31.12.2019;13056;Müritz, Landkreis (bis 03.09.2011);-;-;-;-;-;-;-;-;-;-;-;-;-;-;-;-;-;-;-;-;-;-;-;-;-;-;-;-;-;-;-;-;-;-
31.12.2019;13057;Nordvorpommern, Landkreis (bis 03.09.2011);-;-;-;-;-;-;-;-;-;-;-;-;-;-;-;-;-;-;-;-;-;-;-;-;-;-;-;-;-;-;-;-;-;-
31.12.2019;13058;Nordwestmecklenburg, Landkreis (bis 03.09.2011);-;-;-;-;-;-;-;-;-;-;-;-;-;-;-;-;-;-;-;-;-;-;-;-;-;-;-;-;-;-;-;-;-;-
31.12.2019;13059;Ostvorpommern, Landkreis (bis 03.09.2011);-;-;-;-;-;-;-;-;-;-;-;-;-;-;-;-;-;-;-;-;-;-;-;-;-;-;-;-;-;-;-;-;-;-
31.12.2019;13060;Parchim, Landkreis (bis 03.09.2011);-;-;-;-;-;-;-;-;-;-;-;-;-;-;-;-;-;-;-;-;-;-;-;-;-;-;-;-;-;-;-;-;-;-
31.12.2019;13061;Rügen, Landkreis (bis 03.09.2011);-;-;-;-;-;-;-;-;-;-;-;-;-;-;-;-;-;-;-;-;-;-;-;-;-;-;-;-;-;-;-;-;-;-
31.12.2019;13062;Uecker-Randow, Landkreis (bis 03.09.2011);-;-;-;-;-;-;-;-;-;-;-;-;-;-;-;-;-;-;-;-;-;-;-;-;-;-;-;-;-;-;-;-;-;-
31.12.2019;13071;Mecklenburgische Seenplatte, Landkreis;3083;3297;4637;5594;3474;2254;4478;4580;8085;8005;7635;7628;9946;12763;11673;15792;13636;2878;3163;4307;5510;3107;1983;3875;4234;7360;7486;6926;6969;9914;12801;12041;17236;21724
31.12.2019;13072;Rostock, Landkreis;2790;3219;4170;5095;2954;1759;3396;3306;6700;7319;6972;6655;9201;11021;9405;12674;10724;2659;3100;3972;4907;2728;1534;2669;3318;6408;6869;6115;6158;8788;10636;9462;13327;15784
31.12.2019;13073;Vorpommern-Rügen, Landkreis;2489;2762;3991;4800;2702;1949;4156;4232;6917;7217;6822;6647;8913;11029;9786;13551;12475;2417;2646;3739;4672;2581;1645;3506;3781;6622;6791;6073;6117;8855;10943;10103;14736;19037
31.12.2019;13074;Nordwestmecklenburg, Landkreis;2063;2161;2932;3555;2089;1426;3150;3125;5242;5472;4997;5004;6538;7417;6490;9070;7563;1915;2089;2790;3325;2003;1234;2539;2869;4963;5042;4388;4594;6257;7181;6595;9620;11624
31.12.2019;13075;Vorpommern-Greifswald, Landkreis;2796;3049;4029;5159;2913;2016;4864;5261;7719;7484;6839;6726;8697;11057;10224;14197;12244;2762;2867;3981;4719;2646;2026;5096;4981;7572;7009;6209;6066;8561;11109;10523;14971;19251
31.12.2019;13076;Ludwigslust-Parchim, Landkreis;2707;2862;3855;4604;2778;1826;3646;3935;6690;7092;6683;6794;8990;10731;9616;12716;10103;2542;2833;3653;4505;2682;1439;2945;3526;6267;6315;5678;6242;8615;10628;9430;13213;15638
31.12.2019;14161;Chemnitz, kreisfreie Stadt (bis 31.07.2008);-;-;-;-;-;-;-;-;-;-;-;-;-;-;-;-;-;-;-;-;-;-;-;-;-;-;-;-;-;-;-;-;-;-
31.12.2019;14166;Plauen, kreisfreie Stadt (bis 31.07.2008);-;-;-;-;-;-;-;-;-;-;-;-;-;-;-;-;-;-;-;-;-;-;-;-;-;-;-;-;-;-;-;-;-;-
31.12.2019;14167;Zwickau, kreisfreie Stadt (bis 31.07.2008);-;-;-;-;-;-;-;-;-;-;-;-;-;-;-;-;-;-;-;-;-;-;-;-;-;-;-;-;-;-;-;-;-;-
31.12.2019;14171;Annaberg, Landkreis (bis 31.07.2008);-;-;-;-;-;-;-;-;-;-;-;-;-;-;-;-;-;-;-;-;-;-;-;-;-;-;-;-;-;-;-;-;-;-
31.12.2019;14173;Chemnitzer Land, Landkreis (bis 31.07.2008);-;-;-;-;-;-;-;-;-;-;-;-;-;-;-;-;-;-;-;-;-;-;-;-;-;-;-;-;-;-;-;-;-;-
31.12.2019;14177;Freiberg, Landkreis (bis 31.07.2008);-;-;-;-;-;-;-;-;-;-;-;-;-;-;-;-;-;-;-;-;-;-;-;-;-;-;-;-;-;-;-;-;-;-
31.12.2019;14178;Vogtlandkreis (bis 31.07.2008);-;-;-;-;-;-;-;-;-;-;-;-;-;-;-;-;-;-;-;-;-;-;-;-;-;-;-;-;-;-;-;-;-;-
31.12.2019;14181;Mittlerer Erzgebirgskreis (bis 31.07.2008);-;-;-;-;-;-;-;-;-;-;-;-;-;-;-;-;-;-;-;-;-;-;-;-;-;-;-;-;-;-;-;-;-;-
31.12.2019;14182;Mittweida, Landkreis (bis 31.07.2008);-;-;-;-;-;-;-;-;-;-;-;-;-;-;-;-;-;-;-;-;-;-;-;-;-;-;-;-;-;-;-;-;-;-
31.12.2019;14188;Stollberg, Landkreis (bis 31.07.2008);-;-;-;-;-;-;-;-;-;-;-;-;-;-;-;-;-;-;-;-;-;-;-;-;-;-;-;-;-;-;-;-;-;-
31.12.2019;14191;Aue-Schwarzenberg, Landkreis (bis 31.07.2008);-;-;-;-;-;-;-;-;-;-;-;-;-;-;-;-;-;-;-;-;-;-;-;-;-;-;-;-;-;-;-;-;-;-
31.12.2019;14193;Zwickauer Land, Landkreis (bis 31.07.2008);-;-;-;-;-;-;-;-;-;-;-;-;-;-;-;-;-;-;-;-;-;-;-;-;-;-;-;-;-;-;-;-;-;-
31.12.2019;14262;Dresden, kreisfreie Stadt (bis 31.07.2008);-;-;-;-;-;-;-;-;-;-;-;-;-;-;-;-;-;-;-;-;-;-;-;-;-;-;-;-;-;-;-;-;-;-
31.12.2019;14263;Görlitz, kreisfreie Stadt (bis 31.07.2008);-;-;-;-;-;-;-;-;-;-;-;-;-;-;-;-;-;-;-;-;-;-;-;-;-;-;-;-;-;-;-;-;-;-
31.12.2019;14264;Hoyerswerda, kreisfreie Stadt (bis 31.07.2008);-;-;-;-;-;-;-;-;-;-;-;-;-;-;-;-;-;-;-;-;-;-;-;-;-;-;-;-;-;-;-;-;-;-
31.12.2019;14272;Bautzen, Landkreis (bis 31.07.2008);-;-;-;-;-;-;-;-;-;-;-;-;-;-;-;-;-;-;-;-;-;-;-;-;-;-;-;-;-;-;-;-;-;-
31.12.2019;14280;Meißen, Landkreis (bis 31.07.2008);-;-;-;-;-;-;-;-;-;-;-;-;-;-;-;-;-;-;-;-;-;-;-;-;-;-;-;-;-;-;-;-;-;-
31.12.2019;14284;Niederschlesischer Oberlausitzkreis (b.31.07.2008);-;-;-;-;-;-;-;-;-;-;-;-;-;-;-;-;-;-;-;-;-;-;-;-;-;-;-;-;-;-;-;-;-;-
31.12.2019;14285;Riesa-Großenhain, Landkreis (bis 31.07.2008);-;-;-;-;-;-;-;-;-;-;-;-;-;-;-;-;-;-;-;-;-;-;-;-;-;-;-;-;-;-;-;-;-;-
31.12.2019;14286;Löbau-Zittau, Landkreis (bis 31.07.2008);-;-;-;-;-;-;-;-;-;-;-;-;-;-;-;-;-;-;-;-;-;-;-;-;-;-;-;-;-;-;-;-;-;-
31.12.2019;14287;Sächsische Schweiz, Landkreis (bis 31.07.2008);-;-;-;-;-;-;-;-;-;-;-;-;-;-;-;-;-;-;-;-;-;-;-;-;-;-;-;-;-;-;-;-;-;-
31.12.2019;14290;Weißeritzkreis (bis 31.07.2008);-;-;-;-;-;-;-;-;-;-;-;-;-;-;-;-;-;-;-;-;-;-;-;-;-;-;-;-;-;-;-;-;-;-
31.12.2019;14292;Kamenz, Landkreis (bis 31.07.2008);-;-;-;-;-;-;-;-;-;-;-;-;-;-;-;-;-;-;-;-;-;-;-;-;-;-;-;-;-;-;-;-;-;-
31.12.2019;14365;Leipzig, kreisfreie Stadt (bis 31.07.2008);-;-;-;-;-;-;-;-;-;-;-;-;-;-;-;-;-;-;-;-;-;-;-;-;-;-;-;-;-;-;-;-;-;-
31.12.2019;14374;Delitzsch, Landkreis (bis 31.07.2008);-;-;-;-;-;-;-;-;-;-;-;-;-;-;-;-;-;-;-;-;-;-;-;-;-;-;-;-;-;-;-;-;-;-
31.12.2019;14375;Döbeln, Landkreis (bis 31.07.2008);-;-;-;-;-;-;-;-;-;-;-;-;-;-;-;-;-;-;-;-;-;-;-;-;-;-;-;-;-;-;-;-;-;-
31.12.2019;14379;Leipziger Land, Landkreis (bis 31.07.2008);-;-;-;-;-;-;-;-;-;-;-;-;-;-;-;-;-;-;-;-;-;-;-;-;-;-;-;-;-;-;-;-;-;-
31.12.2019;14383;Muldentalkreis (bis 31.07.2008);-;-;-;-;-;-;-;-;-;-;-;-;-;-;-;-;-;-;-;-;-;-;-;-;-;-;-;-;-;-;-;-;-;-
31.12.2019;14389;Torgau-Oschatz, Landkreis (bis 31.07.2008);-;-;-;-;-;-;-;-;-;-;-;-;-;-;-;-;-;-;-;-;-;-;-;-;-;-;-;-;-;-;-;-;-;-
31.12.2019;14511;Chemnitz, kreisfreie Stadt;3491;3435;4371;5088;2855;2151;6452;7810;9954;8808;7328;6996;8134;8510;7364;13887;15176;3332;3311;4046;4767;2775;2009;5453;6002;8194;7419;6244;6126;7734;8797;8273;16903;23139
31.12.2019;14521;Erzgebirgskreis;3900;4386;5998;7714;4409;2821;5509;5435;9216;10477;10134;11027;12144;13876;13504;23862;19473;3804;4218;5776;7114;4191;2453;4611;4790;8415;9530;9047;9639;11706;14120;14415;26006;31228
31.12.2019;14522;Mittelsachsen, Landkreis;3677;4103;5477;6682;3820;2650;5856;6163;9354;9733;9301;9769;12001;13112;11952;19099;18585;3514;3852;5249;6287;3656;2178;4427;4882;8181;8339;7972;8508;11303;13006;12321;20930;28160
31.12.2019;14523;Vogtlandkreis;2538;2869;3744;4878;2832;1900;3916;3914;6442;6823;6551;7340;8802;9780;8986;14432;14522;2435;2689;3516;4370;2641;1568;3213;3469;5883;6147;5730;6534;8456;9774;9539;16939;22825
31.12.2019;14524;Zwickau, Landkreis;3863;4069;5470;6509;3959;2716;5836;5864;9316;9749;8947;9969;12325;13597;12115;19583;19776;3584;3889;5081;6274;3923;2339;4807;5372;8408;8751;8047;9019;11754;13536;12598;22845;31112
31.12.2019;14612;Dresden, kreisfreie Stadt;9092;9136;11285;12422;6523;5742;19076;21448;26085;21942;18362;16188;17767;17006;13864;22468;29206;8582;8694;10640;11742;6248;5342;16984;18126;22749;19763;16876;14489;16342;17186;14799;28027;42579
31.12.2019;14625;Bautzen, Landkreis;3775;4318;5680;6924;3962;2459;4613;4709;8740;9595;9574;9772;11633;13835;12282;17842;18371;3677;4061;5476;6606;3763;2134;3717;4211;7977;8549;8302;8548;11055;13730;12632;19410;27826
31.12.2019;14626;Görlitz, Landkreis;2877;3266;4421;5557;3179;2078;4192;4096;6935;7470;7206;7751;9727;11530;10568;16155;16760;2832;3199;4209;5420;3072;1858;3905;3703;6434;6567;6362;6851;9305;11349;10725;17740;25426
31.12.2019;14627;Meißen, Landkreis;2984;3354;4685;5651;3264;2082;3711;3702;7058;7888;7753;7950;9694;10891;9252;13900;15178;2903;3301;4422;5309;3229;1805;3120;3475;6519;7162;6787;7067;9029;10685;9595;15478;22834
31.12.2019;14628;Sächsische Schweiz-Osterzgebirge, Landkreis;3396;3627;4979;5854;3460;2110;3972;3826;7237;7719;7941;8080;9691;10647;9010;14349;15356;3029;3369;4671;5532;3227;1839;3281;3688;7010;7424;7165;7175;8960;10257;9217;15926;22562
31.12.2019;14713;Leipzig, kreisfreie Stadt;9769;9766;11063;11858;6306;5417;19043;23847;30677;25428;19646;17120;18590;18123;14335;22984;27478;9321;8875;10615;11471;6067;5979;22012;23661;27995;22405;17528;14619;16975;17831;15700;28232;42409
31.12.2019;14729;Leipzig, Landkreis;3236;3615;5054;5991;3375;2193;3974;3843;7334;8176;8202;8539;10934;12007;10149;15169;14675;3235;3580;4522;5711;3157;1933;3366;3801;7258;7872;7573;7903;10322;11615;10521;16957;22347
31.12.2019;14730;Nordsachsen, Landkreis;2634;2805;3588;4361;2684;1693;3337;3446;6095;6798;6229;6568;8172;9265;8249;11318;10888;2435;2659;3432;4159;2456;1450;2538;2977;5736;6047;5394;5855;7849;9165;8229;12486;16744
31.12.2019;15001;Dessau-Roßlau, kreisfreie Stadt;895;965;1283;1561;916;623;1412;1607;2293;2264;2177;2244;3092;3531;3112;5030;5889;837;912;1108;1421;815;503;1271;1529;2171;2072;1921;2168;3000;3583;3233;6025;8640
31.12.2019;15002;Halle (Saale), kreisfreie Stadt;3677;3487;4264;5141;2848;2502;8050;8177;9370;8329;6780;6882;7832;7729;6483;11421;12580;3370;3216;4082;4864;2657;2740;8876;7655;8604;7450;6153;6327;7460;7985;7525;14664;19582
31.12.2019;15003;Magdeburg, kreisfreie Stadt;3387;3478;4187;4836;2725;2457;8292;8966;10035;8289;6644;6617;8044;8444;6985;11374;12631;3242;3133;3974;4529;2478;2034;7034;7148;8459;7279;6060;6162;7824;8764;7761;14431;19862
31.12.2019;15081;Altmarkkreis Salzwedel;1017;1163;1513;1901;1080;719;1558;1519;2600;2746;2480;2626;3626;4290;3711;4719;4160;977;1089;1464;1759;1034;607;1265;1385;2360;2356;2105;2350;3476;4058;3691;5100;6669
31.12.2019;15082;Anhalt-Bitterfeld, Landkreis;1796;1891;2599;3110;1852;1389;2846;2802;4636;5025;4598;5269;6487;7422;6783;9854;9265;1715;1894;2397;3037;1735;1135;2296;2535;4266;4365;4031;4674;6400;7535;7087;11066;14694
31.12.2019;15083;Börde, Landkreis;2030;2389;3175;3934;2214;1425;2935;3084;5471;5914;5389;5844;7466;8336;7358;10226;8034;2033;2302;3031;3634;1983;1226;2304;2800;5234;5387;4653;5357;6964;8149;7449;10708;12485
31.12.2019;15084;Burgenlandkreis;2115;2334;2939;3664;2171;1430;3203;3433;5619;5775;5193;5743;7520;8363;7580;10841;10735;1962;2137;2720;3416;1968;1183;2484;2877;4931;5031;4443;5018;6961;8190;7803;12178;16886
31.12.2019;15085;Harz, Landkreis;2368;2585;3450;4393;2702;1848;3961;4065;6444;6568;5995;6815;8788;9956;8774;13512;12488;2298;2420;3230;4039;2412;1577;3192;3540;5725;6032;5417;6234;8493;9951;9112;15370;19556
31.12.2019;15086;Jerichower Land, Landkreis;1093;1214;1543;1875;1120;753;1514;1511;2772;2950;2748;2897;3808;4597;3997;5364;4844;1077;1146;1526;1834;1023;599;1132;1350;2431;2520;2376;2617;3680;4413;3979;5724;7562
31.12.2019;15087;Mansfeld-Südharz, Landkreis;1373;1554;2175;2713;1595;1126;2243;2231;3810;4006;3724;4329;5444;6489;5959;9056;8458;1317;1496;2078;2569;1548;923;1696;1998;3366;3538;3312;3898;5276;6435;6051;10045;13111
31.12.2019;15088;Saalekreis;2214;2451;3271;4183;2396;1483;3251;3274;5412;6019;5793;6255;7776;8567;7453;11390;9605;2187;2364;3206;3845;2181;1298;2682;2860;5348;5584;5048;5790;7406;8376;7873;12393;14581
31.12.2019;15089;Salzlandkreis;2162;2391;3032;3905;2271;1600;3547;3528;5706;5786;5244;6147;7989;8796;7662;11541;11056;2025;2222;2991;3642;2187;1364;2947;3265;5086;5152;4695;5421;7674;8984;8188;13244;17675
31.12.2019;15090;Stendal, Landkreis;1344;1412;1886;2345;1492;945;2056;2187;3576;3341;3026;3391;4729;5643;4905;6629;5962;1249;1348;1861;2302;1321;885;1700;1926;3135;2943;2681;3227;4609;5578;5074;7279;9203
31.12.2019;15091;Wittenberg, Landkreis;1450;1460;2082;2486;1539;1026;2029;2247;3689;3695;3394;3975;5287;6034;5386;8069;7621;1325;1428;1928;2431;1382;826;1624;1860;3278;3245;3096;3630;5020;6044;5609;8802;11956
31.12.2019;15101;Dessau, kreisfreie Stadt (bis 30.06.2007);-;-;-;-;-;-;-;-;-;-;-;-;-;-;-;-;-;-;-;-;-;-;-;-;-;-;-;-;-;-;-;-;-;-
31.12.2019;15151;Anhalt-Zerbst, Landkreis (bis 30.06.2007);-;-;-;-;-;-;-;-;-;-;-;-;-;-;-;-;-;-;-;-;-;-;-;-;-;-;-;-;-;-;-;-;-;-
31.12.2019;15153;Bernburg, Landkreis (bis 30.06.2007);-;-;-;-;-;-;-;-;-;-;-;-;-;-;-;-;-;-;-;-;-;-;-;-;-;-;-;-;-;-;-;-;-;-
31.12.2019;15154;Bitterfeld, Landkreis (bis 30.06.2007);-;-;-;-;-;-;-;-;-;-;-;-;-;-;-;-;-;-;-;-;-;-;-;-;-;-;-;-;-;-;-;-;-;-
31.12.2019;15159;Köthen, Landkreis (bis 30.06.2007);-;-;-;-;-;-;-;-;-;-;-;-;-;-;-;-;-;-;-;-;-;-;-;-;-;-;-;-;-;-;-;-;-;-
31.12.2019;15171;Wittenberg, Landkreis (bis 30.06.2007);-;-;-;-;-;-;-;-;-;-;-;-;-;-;-;-;-;-;-;-;-;-;-;-;-;-;-;-;-;-;-;-;-;-
31.12.2019;15202;Halle (Saale), kreisfreie Stadt (bis 30.06.2007);-;-;-;-;-;-;-;-;-;-;-;-;-;-;-;-;-;-;-;-;-;-;-;-;-;-;-;-;-;-;-;-;-;-
31.12.2019;15256;Burgenlandkreis (bis 30.06.2007);-;-;-;-;-;-;-;-;-;-;-;-;-;-;-;-;-;-;-;-;-;-;-;-;-;-;-;-;-;-;-;-;-;-
31.12.2019;15260;Mansfelder Land, Landkreis (bis 30.06.2007);-;-;-;-;-;-;-;-;-;-;-;-;-;-;-;-;-;-;-;-;-;-;-;-;-;-;-;-;-;-;-;-;-;-
31.12.2019;15261;Merseburg-Querfurt, Landkreis (bis 30.06.2007);-;-;-;-;-;-;-;-;-;-;-;-;-;-;-;-;-;-;-;-;-;-;-;-;-;-;-;-;-;-;-;-;-;-
31.12.2019;15265;Saalkreis (bis 30.06.2007);-;-;-;-;-;-;-;-;-;-;-;-;-;-;-;-;-;-;-;-;-;-;-;-;-;-;-;-;-;-;-;-;-;-
31.12.2019;15266;Sangerhausen, Landkreis (bis 30.06.2007);-;-;-;-;-;-;-;-;-;-;-;-;-;-;-;-;-;-;-;-;-;-;-;-;-;-;-;-;-;-;-;-;-;-
31.12.2019;15268;Weißenfels, Landkreis (bis 30.06.2007);-;-;-;-;-;-;-;-;-;-;-;-;-;-;-;-;-;-;-;-;-;-;-;-;-;-;-;-;-;-;-;-;-;-
31.12.2019;15303;Magdeburg, kreisfreie Stadt (bis 30.06.2007);-;-;-;-;-;-;-;-;-;-;-;-;-;-;-;-;-;-;-;-;-;-;-;-;-;-;-;-;-;-;-;-;-;-
31.12.2019;15352;Aschersleben-Staßfurt, Landkreis (bis 30.06.2007);-;-;-;-;-;-;-;-;-;-;-;-;-;-;-;-;-;-;-;-;-;-;-;-;-;-;-;-;-;-;-;-;-;-
31.12.2019;15355;Bördekreis (bis 30.06.2007);-;-;-;-;-;-;-;-;-;-;-;-;-;-;-;-;-;-;-;-;-;-;-;-;-;-;-;-;-;-;-;-;-;-
31.12.2019;15357;Halberstadt, Landkreis (bis 30.06.2007);-;-;-;-;-;-;-;-;-;-;-;-;-;-;-;-;-;-;-;-;-;-;-;-;-;-;-;-;-;-;-;-;-;-
31.12.2019;15358;Jerichower Land, Landkreis (bis 30.06.2007);-;-;-;-;-;-;-;-;-;-;-;-;-;-;-;-;-;-;-;-;-;-;-;-;-;-;-;-;-;-;-;-;-;-
31.12.2019;15362;Ohrekreis (bis 30.06.2007);-;-;-;-;-;-;-;-;-;-;-;-;-;-;-;-;-;-;-;-;-;-;-;-;-;-;-;-;-;-;-;-;-;-
31.12.2019;15363;Stendal, Landkreis (bis 30.06.2007);-;-;-;-;-;-;-;-;-;-;-;-;-;-;-;-;-;-;-;-;-;-;-;-;-;-;-;-;-;-;-;-;-;-
31.12.2019;15364;Quedlinburg, Landkreis (bis 30.06.2007);-;-;-;-;-;-;-;-;-;-;-;-;-;-;-;-;-;-;-;-;-;-;-;-;-;-;-;-;-;-;-;-;-;-
31.12.2019;15367;Schönebeck, Landkreis (bis 30.06.2007);-;-;-;-;-;-;-;-;-;-;-;-;-;-;-;-;-;-;-;-;-;-;-;-;-;-;-;-;-;-;-;-;-;-
31.12.2019;15369;Wernigerode, Landkreis (bis 30.06.2007);-;-;-;-;-;-;-;-;-;-;-;-;-;-;-;-;-;-;-;-;-;-;-;-;-;-;-;-;-;-;-;-;-;-
31.12.2019;15370;Altmarkkreis Salzwedel (bis 30.06.2007);-;-;-;-;-;-;-;-;-;-;-;-;-;-;-;-;-;-;-;-;-;-;-;-;-;-;-;-;-;-;-;-;-;-
31.12.2019;16051;Erfurt, kreisfreie Stadt;3098;3046;4044;4493;2548;1892;5960;6536;9044;7881;6753;6513;7180;7865;6598;10348;10245;3136;3017;3764;4362;2471;2234;6890;6399;8234;7212;6034;5940;7300;7920;7260;12405;15359
31.12.2019;16052;Gera, kreisfreie Stadt;1188;1222;1615;1872;1051;726;1814;1887;2977;2885;2555;2646;3272;3940;3716;5803;5776;1113;1163;1516;1742;1050;711;1595;1873;2783;2567;2234;2349;3298;4067;4078;6818;9223
31.12.2019;16053;Jena, kreisfreie Stadt;1614;1672;1994;2348;1257;1093;4304;5064;5838;4585;3230;2969;3345;3210;2816;4693;5596;1613;1558;1907;2192;1234;1115;4540;4302;4708;3805;3012;2712;3044;3233;3101;5635;8004
31.12.2019;16054;Suhl, kreisfreie Stadt;360;458;558;621;380;319;835;731;997;1027;950;1093;1432;1570;1459;2668;2551;321;411;544;572;338;245;582;707;855;845;834;1001;1385;1696;1628;3183;3633
31.12.2019;16055;Weimar, kreisfreie Stadt;930;975;1232;1522;844;682;1925;2041;2475;2311;1974;1915;2183;2297;1865;3140;3238;872;994;1193;1392;760;664;1940;2061;2280;2278;1841;1851;2204;2405;2166;3735;5043
31.12.2019;16056;Eisenach, kreisfreie Stadt;586;607;753;959;555;398;952;1063;1426;1459;1239;1390;1618;1768;1516;2132;2412;548;502;646;854;518;340;754;900;1279;1343;1144;1267;1480;1795;1567;2628;3852
31.12.2019;16061;Eichsfeld, Landkreis;1461;1517;2028;2343;1447;887;1888;2073;3238;3613;3215;3361;3863;4355;3975;6012;4943;1427;1464;1952;2262;1357;805;1505;1818;3032;3216;2938;2889;3630;4225;3918;6111;7238
31.12.2019;16062;Nordhausen, Landkreis;1060;1144;1483;1804;1109;772;2083;1762;2677;2617;2328;2598;3203;3685;3357;4847;4865;945;1082;1339;1742;936;711;1701;1488;2386;2332;2058;2427;3151;3684;3377;5492;7171
31.12.2019;16063;Wartburgkreis;1489;1679;2201;2517;1533;1050;2088;2140;3696;3975;3703;4093;4746;5614;5276;7373;6400;1327;1570;2000;2377;1449;883;1743;1953;3287;3538;3307;3593;4511;5594;5075;7879;9315
31.12.2019;16064;Unstrut-Hainich-Kreis;1328;1472;1929;2372;1436;915;1915;1978;3133;3365;3149;3353;4043;4610;4247;6121;5409;1327;1366;1804;2221;1359;779;1568;1903;2836;3070;2678;3021;3912;4574;4312;6422;8305
31.12.2019;16065;Kyffhäuserkreis;811;944;1274;1601;977;618;1279;1367;2240;2278;2151;2438;2995;3483;3341;4844;4224;769;863;1141;1466;891;527;1037;1182;1948;2042;1873;2158;2848;3528;3419;5293;6362
31.12.2019;16066;Schmalkalden-Meiningen, Landkreis;1480;1639;2243;2540;1486;1034;2614;2573;4042;4249;3688;4161;4841;5849;5362;7712;6933;1402;1574;2059;2373;1414;897;2002;2062;3399;3581;3207;3613;4820;5872;5360;8363;10472
31.12.2019;16067;Gotha, Landkreis;1676;1857;2426;2894;1755;1237;2880;2753;4292;4589;4211;4602;5512;5996;5363;7871;7244;1620;1796;2337;2797;1686;1051;2218;2394;4007;4137;3659;4019;5109;6091;5435;8707;10687
31.12.2019;16068;Sömmerda, Landkreis;894;1023;1315;1606;952;600;1227;1196;2078;2417;2153;2496;2877;3202;2904;4467;3253;800;894;1235;1468;842;515;950;1145;2000;2130;1978;2107;2691;3222;3045;4729;5016
31.12.2019;16069;Hildburghausen, Landkreis;715;821;1103;1313;800;528;1163;1309;2070;2360;1999;2132;2574;3001;2762;3845;3129;766;759;1102;1241;758;439;949;1038;1806;1886;1748;1884;2374;2990;2733;4105;4995
31.12.2019;16070;Ilm-Kreis;1340;1450;1870;2309;1183;981;2674;2936;3852;3543;3157;3386;4174;4541;4022;6256;5772;1275;1357;1706;2162;1216;791;1891;1952;3133;3159;2743;2906;3982;4528;4148;7094;8760
31.12.2019;16071;Weimarer Land, Landkreis;1086;1210;1620;1943;1134;691;1455;1359;2315;2776;2686;2906;3298;3772;3421;5192;3860;1009;1195;1668;1923;1096;604;1273;1289;2395;2593;2405;2523;3189;3748;3515;5335;5672
31.12.2019;16072;Sonneberg, Landkreis;570;698;927;1088;771;470;1067;1114;1617;1808;1746;2001;2340;2766;2475;3643;3290;579;649;846;1074;623;410;928;919;1498;1658;1524;1783;2148;2697;2549;4076;5365
31.12.2019;16073;Saalfeld-Rudolstadt, Landkreis;1188;1333;1690;1966;1257;832;1743;1768;3077;3231;2880;3322;4075;4948;4452;6699;6377;1089;1214;1663;1876;1163;723;1412;1529;2629;2776;2629;2965;3924;4798;4544;7292;10135
31.12.2019;16074;Saale-Holzland-Kreis;950;1170;1519;1811;1109;765;1577;1424;2309;2789;2532;2757;3498;3850;3468;5153;4581;951;1126;1454;1697;1008;673;1199;1229;2377;2487;2291;2473;3237;3814;3525;5577;6570
31.12.2019;16075;Saale-Orla-Kreis;934;1032;1418;1737;1005;665;1469;1418;2371;2622;2422;2683;3261;3850;3570;5093;4340;905;968;1419;1550;929;617;1156;1190;2150;2208;2068;2400;3119;3749;3540;5567;6887
31.12.2019;16076;Greiz, Landkreis;1033;1255;1610;2085;1193;764;1563;1329;2628;2895;2784;3074;4061;4668;4420;6456;6103;996;1147;1559;1799;1154;645;1178;1217;2331;2587;2440;2791;3825;4707;4562;7051;9488
31.12.2019;16077;Altenburger Land, Landkreis;1000;1035;1396;1736;1107;732;1420;1394;2394;2668;2489;3027;3684;4081;3765;5944;5930;934;1014;1415;1720;1008;630;1156;1265;2228;2331;2146;2588;3576;3963;3914;6711;8992
__________;;;;;;;;;;;;;;;;;;;;;;;;;;;;;;;;;;;;
Ab 2011: Ergebnisse auf Grundlage des Zensus 2011.;;;;;;;;;;;;;;;;;;;;;;;;;;;;;;;;;;;;
© Statistisches Bundesamt (Destatis), 2020;;;;;;;;;;;;;;;;;;;;;;;;;;;;;;;;;;;;
Stand: 24.05.2021 / 20:07:11;;;;;;;;;;;;;;;;;;;;;;;;;;;;;;;;;;;;
